Timestamp,IntegrationTime_us,LED_State,Comment,Max_ADC,P0,P1,P2,P3,P4,P5,P6,P7,P8,P9,P10,P11,P12,P13,P14,P15,P16,P17,P18,P19,P20,P21,P22,P23,P24,P25,P26,P27,P28,P29,P30,P31,P32,P33,P34,P35,P36,P37,P38,P39,P40,P41,P42,P43,P44,P45,P46,P47,P48,P49,P50,P51,P52,P53,P54,P55,P56,P57,P58,P59,P60,P61,P62,P63,P64,P65,P66,P67,P68,P69,P70,P71,P72,P73,P74,P75,P76,P77,P78,P79,P80,P81,P82,P83,P84,P85,P86,P87,P88,P89,P90,P91,P92,P93,P94,P95,P96,P97,P98,P99,P100,P101,P102,P103,P104,P105,P106,P107,P108,P109,P110,P111,P112,P113,P114,P115,P116,P117,P118,P119,P120,P121,P122,P123,P124,P125,P126,P127,P128,P129,P130,P131,P132,P133,P134,P135,P136,P137,P138,P139,P140,P141,P142,P143,P144,P145,P146,P147,P148,P149,P150,P151,P152,P153,P154,P155,P156,P157,P158,P159,P160,P161,P162,P163,P164,P165,P166,P167,P168,P169,P170,P171,P172,P173,P174,P175,P176,P177,P178,P179,P180,P181,P182,P183,P184,P185,P186,P187,P188,P189,P190,P191,P192,P193,P194,P195,P196,P197,P198,P199,P200,P201,P202,P203,P204,P205,P206,P207,P208,P209,P210,P211,P212,P213,P214,P215,P216,P217,P218,P219,P220,P221,P222,P223,P224,P225,P226,P227,P228,P229,P230,P231,P232,P233,P234,P235,P236,P237,P238,P239,P240,P241,P242,P243,P244,P245,P246,P247,P248,P249,P250,P251,P252,P253,P254,P255,P256,P257,P258,P259,P260,P261,P262,P263,P264,P265,P266,P267,P268,P269,P270,P271,P272,P273,P274,P275,P276,P277,P278,P279,P280,P281,P282,P283,P284,P285,P286,P287
"2026-09-23 09:37:56.816",195152,ON,"Turmeric",2559,377,344,339,336,346,336,349,342,336,343,336,341,352,339,336,336,331,341,336,336,339,336,341,336,329,338,335,333,351,336,323,336,329,336,334,332,350,335,338,350,346,355,361,371,384,400,418,464,481,564,649,766,932,1109,1206,1246,1189,1135,1083,971,925,880,816,779,738,745,747,770,781,805,858,929,958,1039,1079,1183,1215,1278,1344,1411,1489,1534,1614,1651,1728,1775,1811,1840,1850,1855,1866,1869,1906,1936,1985,2028,2064,2119,2127,2150,2176,2213,2230,2282,2300,2368,2409,2451,2493,2510,2526,2559,2522,2559,2539,2549,2554,2555,2537,2521,2496,2480,2425,2368,2331,2274,2209,2134,2070,2002,1937,1865,1826,1744,1703,1649,1584,1523,1474,1405,1366,1282,1246,1198,1139,1102,1049,1001,967,939,896,868,832,814,763,762,752,754,708,693,661,650,633,621,595,578,560,560,534,528,511,496,490,474,467,453,448,448,438,423,429,413,384,401,396,397,389,390,387,381,380,378,369,368,370,368,369,365,383,362,352,361,348,355,361,344,358,347,343,345,348,339,355,338,342,341,338,346,336,336,350,336,342,337,347,355,333,343,336,335,342,345,341,342,339,342,350,356,346,346,336,345,345,341,350,342,347,349,339,353,345,354,354,348,347,357,351,362,358,350,350,350,349,363,352,353,350,345,355,341,351,348,341,349,337,336,346,338,338,346,336,343,340,336,347,346,337,341
"2026-09-23 09:38:26.016",161374,ON,"Turmeric",2536,379,338,336,334,339,329,354,336,330,339,333,336,347,336,333,335,326,336,330,325,334,336,337,336,330,336,336,336,340,331,331,336,329,335,330,329,338,330,336,338,337,358,361,342,384,400,437,471,510,586,677,812,1005,1169,1292,1358,1296,1205,1152,1049,993,937,862,815,781,784,778,785,829,841,897,965,995,1072,1119,1226,1264,1329,1377,1424,1521,1589,1633,1695,1745,1813,1840,1856,1869,1870,1856,1869,1906,1931,1967,2027,2077,2084,2118,2143,2180,2192,2220,2269,2285,2346,2385,2429,2489,2507,2496,2512,2494,2536,2505,2496,2501,2519,2505,2490,2454,2448,2384,2325,2275,2210,2173,2091,2023,1982,1906,1843,1787,1707,1669,1604,1535,1488,1426,1373,1344,1264,1211,1170,1103,1079,1008,982,945,905,865,848,814,784,768,745,735,718,693,672,640,638,618,599,587,560,554,496,529,511,496,483,476,461,463,444,447,435,431,417,414,400,378,395,381,393,380,380,382,368,368,368,362,357,367,367,361,358,350,356,347,353,349,368,352,345,347,345,332,342,369,336,338,336,336,336,336,339,331,333,340,330,327,336,332,347,327,338,339,337,336,343,336,324,336,302,342,345,339,336,333,336,342,338,342,337,341,349,339,347,338,347,354,346,350,355,352,350,348,349,347,338,347,359,341,349,341,340,343,338,345,341,337,338,336,334,346,336,336,341,334,336,336,337,345,336,367,339
"2026-09-23 09:38:56.179",157266,ON,"Turmeric",2532,381,339,335,337,334,332,346,336,332,338,333,336,351,336,334,335,324,335,329,326,324,330,320,336,323,334,322,333,331,332,327,334,322,331,335,330,337,336,336,348,342,361,366,365,387,401,432,475,526,595,691,843,1023,1211,1316,1381,1334,1243,1138,1076,1008,959,882,839,787,794,793,813,837,862,911,980,1003,1093,1150,1246,1282,1331,1406,1462,1535,1565,1654,1714,1767,1822,1854,1888,1879,1886,1883,1867,1922,1944,1987,2042,2085,2101,2119,2139,2166,2192,2219,2253,2274,2329,2384,2416,2457,2475,2496,2519,2481,2532,2494,2512,2512,2512,2494,2474,2448,2433,2354,2316,2282,2210,2158,2109,2006,1966,1904,1847,1769,1701,1664,1588,1530,1479,1433,1365,1327,1249,1195,1158,1094,1069,995,969,933,906,879,839,795,771,770,747,721,709,697,665,639,611,618,603,586,562,546,540,524,510,496,480,473,459,448,444,438,444,425,410,413,400,396,390,384,397,376,383,381,367,339,366,359,366,368,363,360,356,354,353,347,353,340,345,354,341,343,346,336,346,341,336,339,327,335,364,337,336,329,336,339,332,335,331,333,343,333,336,338,335,336,336,335,336,336,336,349,342,341,341,334,341,345,338,338,339,341,349,338,343,336,346,359,346,347,346,347,358,346,346,353,340,346,356,344,347,342,342,343,342,353,342,336,336,334,331,336,336,334,336,327,327,338,304,341,334,338,336
"2026-09-23 09:39:26.246",152234,ON,"Turmeric",2593,375,338,335,336,336,330,343,336,329,339,336,336,351,336,336,336,351,336,334,330,336,336,338,339,327,339,335,336,338,335,330,337,333,336,338,334,337,336,336,349,339,359,366,373,398,412,446,487,526,607,721,874,1084,1264,1403,1459,1403,1303,1241,1117,1070,990,925,864,829,820,816,839,868,901,940,1023,1061,1135,1190,1284,1333,1386,1439,1520,1607,1649,1728,1766,1827,1878,1915,1941,1953,1936,1925,1923,1968,2014,2055,2125,2139,2207,2181,2199,2240,2241,2290,2322,2336,2410,2447,2492,2525,2559,2559,2559,2559,2583,2559,2559,2557,2593,2559,2543,2519,2464,2438,2384,2331,2261,2206,2132,2061,2006,1964,1873,1824,1753,1712,1639,1587,1505,1455,1392,1344,1280,1232,1177,1137,1097,1023,997,961,923,893,855,822,816,787,758,748,733,704,675,655,644,624,607,598,573,555,551,528,528,509,491,486,469,463,447,443,446,432,420,416,406,395,399,387,394,384,386,387,373,370,367,359,366,368,368,358,358,357,350,345,357,347,345,357,349,354,359,336,352,349,336,341,336,334,341,338,339,336,336,338,334,310,336,333,349,336,336,339,334,342,348,331,342,338,342,349,353,345,343,333,344,340,339,339,339,347,347,337,354,336,350,355,345,351,349,341,353,352,339,352,341,347,359,347,347,349,343,343,339,354,345,333,340,337,335,341,336,339,336,336,336,342,336,347,336,343,347
"2026-09-23 09:39:56.261",143530,ON,"Turmeric",2454,375,338,338,332,336,336,346,336,329,341,332,332,332,336,336,332,329,333,336,331,339,335,341,336,331,332,336,336,338,336,331,336,329,336,336,336,341,332,338,347,346,355,368,369,394,409,440,479,529,599,706,846,1039,1216,1354,1405,1340,1258,1203,1079,1010,962,881,843,809,794,793,811,842,862,911,982,1015,1098,1143,1235,1276,1339,1390,1459,1535,1584,1643,1687,1744,1795,1838,1846,1844,1858,1840,1841,1885,1900,1914,1983,2032,2063,2091,2110,2131,2137,2169,2215,2225,2293,2332,2373,2407,2420,2443,2454,2425,2451,2425,2439,2423,2445,2415,2412,2380,2368,2291,2270,2222,2141,2075,2030,1963,1904,1841,1773,1727,1654,1616,1535,1493,1430,1392,1321,1298,1213,1178,1111,1077,1047,980,943,915,876,847,816,784,770,749,730,710,700,677,646,633,624,605,588,577,557,545,527,511,507,496,481,473,448,464,436,432,434,423,407,413,400,397,390,384,384,381,384,383,364,368,368,351,365,368,357,358,358,351,354,347,337,345,346,352,339,348,348,337,352,336,336,336,335,336,337,336,345,330,333,350,330,337,336,330,352,333,334,337,331,340,342,333,337,336,339,347,349,335,355,334,341,341,339,342,342,339,350,336,350,339,347,353,345,349,347,347,357,346,346,350,345,350,366,341,351,367,345,345,346,347,341,335,343,338,335,339,336,337,339,334,336,339,340,347,338,346,338
"2026-09-23 09:40:26.440",144290,ON,"Turmeric",2471,379,340,343,336,338,334,346,341,332,339,335,337,352,336,336,341,327,337,332,336,335,339,345,352,336,336,336,335,345,330,333,342,336,337,336,336,343,336,344,357,343,363,368,379,393,412,438,483,528,604,704,852,1049,1232,1339,1393,1338,1251,1163,1073,1034,961,880,843,805,814,795,823,836,869,913,992,1015,1104,1163,1236,1279,1330,1375,1473,1555,1584,1661,1697,1751,1813,1831,1854,1859,1858,1840,1869,1898,1919,1946,1979,2037,2075,2087,2096,2129,2148,2186,2217,2225,2299,2336,2371,2418,2416,2448,2465,2432,2471,2442,2448,2429,2452,2416,2414,2389,2362,2329,2271,2211,2142,2108,2029,1957,1901,1854,1775,1730,1659,1559,1535,1497,1449,1394,1329,1303,1239,1171,1134,1072,1054,985,951,919,887,850,827,794,774,753,727,720,704,672,651,633,624,617,586,563,557,549,531,511,509,494,478,473,470,455,447,443,441,431,410,415,406,398,390,384,391,384,340,384,372,369,367,363,367,370,368,367,353,355,355,351,356,346,350,355,345,341,345,336,347,346,336,339,329,304,340,336,342,333,335,338,331,337,336,332,354,335,353,337,336,341,344,334,368,336,342,350,343,342,343,337,342,341,345,342,338,339,350,339,357,342,346,354,354,347,348,343,353,353,349,348,341,348,363,334,351,347,351,347,340,353,347,336,346,337,336,343,338,338,352,330,336,341,337,350,338,340,346
"2026-09-23 09:40:56.455",131710,ON,"Turmeric",2579,375,340,336,334,337,333,339,339,332,340,334,342,346,342,334,336,327,334,332,331,336,334,337,338,327,336,331,329,338,352,333,338,330,336,336,336,341,336,338,350,347,368,366,379,397,413,450,496,545,635,751,913,1122,1324,1456,1521,1456,1346,1262,1164,1103,1023,957,895,848,846,847,865,899,925,970,1053,1083,1155,1216,1317,1360,1424,1480,1535,1632,1673,1743,1801,1843,1914,1936,1951,1946,1968,1936,1945,1972,2026,2064,2095,2117,2161,2195,2226,2241,2251,2279,2337,2338,2411,2449,2480,2525,2559,2540,2547,2544,2579,2547,2559,2549,2559,2544,2519,2502,2480,2416,2369,2322,2249,2189,2122,2064,2000,1920,1857,1809,1725,1678,1623,1554,1488,1442,1382,1360,1255,1229,1159,1106,1084,1011,980,947,915,894,848,816,806,769,733,743,714,688,678,652,639,623,597,592,563,555,545,528,534,499,489,486,464,460,451,436,438,430,411,418,400,395,392,388,387,382,386,382,371,368,370,362,365,368,363,359,359,353,356,351,357,346,350,355,341,349,345,336,349,342,330,338,336,336,341,336,346,336,333,342,336,342,337,308,353,330,337,337,329,339,342,336,336,336,304,350,341,341,345,336,349,342,341,342,342,344,323,339,351,343,347,353,337,352,358,350,354,358,343,350,343,349,362,343,347,341,339,345,341,343,342,336,342,336,332,346,336,336,340,334,334,337,340,351,338,351,343
"2026-09-23 09:41:26.470",127471,ON,"Turmeric",2529,381,335,336,332,336,336,342,341,330,368,333,336,349,334,330,331,322,332,336,330,335,331,336,337,329,334,334,324,337,334,332,338,331,335,333,335,347,329,337,349,341,357,367,383,398,413,435,496,543,626,735,891,1101,1295,1417,1485,1434,1333,1233,1149,1079,1008,933,880,834,835,821,880,880,907,945,1037,1061,1131,1195,1299,1331,1387,1443,1519,1610,1647,1712,1761,1826,1883,1911,1919,1910,1922,1905,1911,1956,1977,2013,2063,2112,2139,2148,2173,2199,2204,2242,2267,2303,2368,2386,2441,2478,2497,2529,2512,2503,2509,2512,2512,2512,2527,2491,2471,2454,2448,2372,2325,2267,2205,2158,2093,2022,1961,1904,1825,1778,1700,1651,1609,1523,1470,1425,1359,1321,1248,1211,1157,1099,1070,1006,960,933,903,877,837,803,793,774,731,731,709,682,668,643,633,622,603,579,560,555,538,491,511,491,485,473,451,457,444,434,435,429,412,408,400,401,393,381,385,373,384,380,369,367,363,363,362,369,366,363,355,352,354,345,347,340,342,346,347,347,339,334,345,341,336,337,331,336,336,335,338,333,334,344,325,336,333,331,350,331,338,336,327,336,339,333,336,336,341,345,346,338,338,327,343,337,337,341,340,339,349,331,352,336,346,351,350,347,351,343,352,349,341,348,340,352,363,341,349,336,346,337,339,352,336,335,381,336,336,340,337,330,341,325,334,337,336,342,335,337,336
"2026-09-23 09:41:56.569",127471,ON,"Turmeric",2545,379,337,336,334,341,333,336,338,325,336,333,336,350,336,336,330,328,336,335,328,336,336,338,341,334,335,331,336,338,336,328,336,326,336,335,336,341,333,337,341,344,365,369,373,400,421,448,503,545,638,752,903,1122,1321,1456,1506,1447,1357,1280,1168,1104,1034,944,885,853,845,846,859,887,917,967,1053,1085,1151,1203,1319,1344,1408,1469,1535,1625,1671,1739,1791,1838,1914,1920,1907,1949,1936,1920,1934,1966,2005,2054,2073,2129,2151,2176,2203,2219,2215,2285,2294,2323,2390,2416,2457,2497,2519,2524,2544,2523,2544,2527,2535,2545,2541,2512,2522,2485,2466,2399,2341,2295,2230,2170,2087,2045,1997,1904,1840,1792,1709,1655,1600,1535,1483,1445,1360,1327,1259,1218,1166,1103,1088,996,979,943,902,881,837,794,801,769,739,735,712,693,670,663,627,617,600,598,571,549,544,511,507,499,491,483,459,467,450,436,432,431,416,414,399,400,397,385,385,386,383,384,370,370,351,361,366,366,362,362,359,351,353,346,351,346,347,351,350,348,347,336,352,341,338,339,305,336,336,370,339,330,334,347,336,336,336,327,347,331,337,336,329,339,336,333,337,335,343,349,350,337,348,332,339,339,339,342,327,341,350,337,351,341,343,355,333,353,346,340,353,349,347,343,341,345,363,343,350,346,346,349,339,349,347,336,339,334,336,345,336,336,338,334,336,340,336,347,336,331,345
"2026-09-23 09:42:26.670",127471,ON,"Turmeric",2372,377,343,337,336,342,334,345,336,336,338,335,336,347,337,333,336,330,336,337,336,340,336,346,339,332,337,336,331,339,336,336,337,327,335,339,336,343,335,346,358,341,367,368,375,395,413,438,483,529,608,711,863,1050,1230,1355,1408,1351,1251,1198,1088,1036,955,899,842,814,800,795,815,837,868,914,987,1013,1066,1138,1228,1262,1309,1363,1431,1506,1554,1614,1665,1710,1776,1778,1811,1801,1807,1802,1792,1829,1851,1893,1936,1969,2016,2026,2032,2063,2077,2115,2145,2166,2234,2253,2287,2330,2355,2352,2365,2365,2372,2363,2349,2354,2367,2347,2334,2288,2304,2222,2190,2160,2068,2013,1950,1887,1833,1779,1705,1674,1597,1559,1495,1451,1394,1342,1285,1246,1187,1138,1093,1023,1008,945,917,902,848,830,794,763,752,731,702,697,687,652,640,622,607,598,576,570,539,545,525,507,506,483,468,469,453,449,437,432,435,427,402,413,400,393,402,384,389,383,384,384,370,371,371,368,367,370,359,365,364,355,356,351,359,343,323,361,346,351,347,343,353,337,341,343,336,339,336,337,342,336,334,349,336,339,336,336,366,336,336,342,337,353,350,336,336,339,342,349,322,343,347,335,349,346,342,348,343,345,353,338,355,346,354,358,352,347,350,350,355,353,346,354,345,347,363,342,350,340,345,351,345,354,341,334,345,338,336,343,336,337,347,354,336,345,336,346,342,337,342
"2026-09-23 09:42:56.713",120204,ON,"Turmeric",2479,373,336,336,329,336,327,341,336,325,332,329,335,352,336,336,330,326,336,335,330,334,333,336,336,324,336,329,333,341,330,324,336,327,336,336,334,341,335,337,346,344,363,367,372,400,414,439,493,544,634,731,880,1092,1291,1406,1469,1407,1311,1247,1137,1074,1002,932,871,832,834,844,838,865,896,963,1010,1047,1119,1174,1265,1312,1356,1413,1490,1567,1600,1680,1735,1776,1840,1834,1872,1875,1871,1843,1857,1904,1923,1966,2000,2031,2090,2091,2101,2137,2148,2193,2194,2239,2297,2345,2369,2403,2431,2440,2448,2428,2479,2439,2445,2441,2437,2420,2419,2378,2363,2294,2274,2202,2146,2073,2021,1955,1906,1861,1775,1730,1661,1605,1555,1482,1439,1372,1328,1283,1215,1165,1131,1066,1053,973,942,910,880,848,819,787,771,743,726,709,704,673,662,626,623,607,592,576,554,551,533,511,509,493,481,471,459,457,440,433,432,427,411,407,400,395,393,390,384,384,398,379,368,368,367,380,367,374,359,366,352,354,357,350,353,337,347,354,345,346,348,336,341,346,336,339,335,339,339,337,349,304,330,344,329,336,335,335,347,330,336,338,336,326,340,331,338,336,336,342,329,340,346,334,336,337,345,346,350,345,351,341,356,351,352,352,343,354,346,351,355,351,347,349,345,349,364,343,349,346,319,349,358,347,348,337,342,336,336,337,336,339,339,331,336,339,337,345,336,340,342
"2026-09-23 09:43:26.760",124176,ON,"Turmeric",2528,379,348,341,338,344,336,347,343,355,344,339,341,357,336,336,330,336,336,336,334,338,320,341,336,335,339,336,334,342,334,336,351,335,301,338,336,345,333,346,351,346,368,374,382,403,431,453,507,558,640,761,910,1138,1329,1479,1517,1463,1366,1291,1163,1098,1035,953,899,853,845,848,874,897,921,973,1043,1085,1153,1215,1309,1344,1411,1474,1535,1627,1664,1722,1776,1829,1895,1909,1935,1929,1931,1904,1906,1952,1981,2032,2087,2115,2126,2149,2180,2182,2199,2251,2273,2306,2365,2426,2449,2496,2513,2519,2528,2496,2519,2512,2512,2512,2523,2482,2480,2475,2425,2378,2339,2273,2211,2156,2085,2018,1955,1909,1840,1792,1712,1634,1595,1522,1473,1430,1360,1313,1258,1212,1157,1086,1072,1002,968,946,901,874,833,809,784,774,746,720,710,685,672,641,630,634,594,585,560,557,547,527,525,498,493,485,464,464,449,435,443,432,421,418,409,398,400,384,395,384,390,387,379,377,370,367,369,384,368,366,365,359,361,357,356,353,353,355,349,356,351,347,352,349,346,343,335,335,341,342,343,336,337,348,338,339,341,337,359,333,348,342,337,343,349,339,320,339,342,353,355,354,342,336,342,343,340,346,341,348,351,341,356,346,351,353,352,351,360,350,361,361,352,354,351,353,366,347,357,351,349,370,346,354,353,338,346,343,336,353,341,338,342,336,339,345,340,350,345,341,346
"2026-09-23 09:43:56.778",120640,ON,"Turmeric",2599,378,343,343,336,337,315,351,342,332,339,336,347,352,342,341,336,335,337,337,336,345,339,348,341,336,345,338,336,338,336,338,342,337,338,339,343,375,337,349,359,349,368,383,385,419,429,463,506,569,658,779,943,1182,1381,1535,1596,1529,1417,1349,1218,1137,1077,987,931,873,874,851,892,919,959,1003,1090,1142,1197,1264,1361,1392,1456,1520,1599,1678,1714,1781,1826,1887,1936,1968,1981,1989,1982,1961,1977,1997,2031,2096,2130,2160,2195,2210,2225,2253,2226,2311,2321,2359,2434,2447,2489,2557,2559,2591,2559,2549,2599,2559,2559,2559,2597,2557,2542,2512,2501,2423,2365,2327,2253,2205,2128,2069,2010,1934,1856,1808,1739,1693,1628,1560,1514,1451,1394,1343,1287,1216,1175,1110,1088,1035,977,942,910,885,843,816,806,768,752,752,725,703,678,656,638,630,608,586,575,558,554,528,528,501,491,486,463,473,453,443,448,432,419,423,411,401,398,390,394,385,389,385,383,373,370,368,368,375,354,368,355,360,357,355,359,346,351,359,350,355,349,339,352,350,339,347,336,351,347,338,347,334,336,349,336,339,346,336,360,334,370,342,336,342,349,340,343,339,349,350,353,350,349,337,348,347,345,348,348,305,354,347,359,350,348,363,349,357,357,341,365,359,349,355,350,358,367,349,362,347,331,347,350,362,351,340,343,345,339,347,343,342,342,331,339,351,345,352,341,347,343
"2026-09-23 09:44:26.929",120640,ON,"Turmeric",2544,384,343,339,339,338,335,345,338,318,338,334,338,355,343,335,338,330,338,336,336,337,335,339,343,327,337,373,334,340,336,336,344,336,340,337,343,346,338,336,352,350,353,368,384,406,426,464,511,560,642,775,942,1159,1379,1490,1568,1491,1382,1289,1191,1119,1066,979,912,871,864,866,886,910,944,976,1055,1090,1179,1231,1328,1368,1427,1483,1535,1635,1682,1747,1803,1843,1909,1934,1950,1947,1941,1937,1922,1968,1997,2047,2087,2128,2151,2167,2187,2204,2227,2257,2300,2295,2383,2426,2459,2511,2517,2538,2544,2506,2544,2511,2534,2519,2511,2521,2453,2471,2448,2368,2332,2273,2182,2139,2093,2003,1975,1919,1830,1773,1702,1648,1589,1534,1472,1444,1349,1324,1263,1218,1157,1094,1069,1007,967,935,898,876,837,798,792,771,742,742,714,695,675,640,634,618,600,583,569,556,538,522,511,505,483,485,458,466,448,446,439,432,425,414,406,406,400,389,390,387,415,389,377,376,377,368,369,375,370,368,356,362,365,356,354,352,352,368,350,350,352,343,349,346,342,348,336,345,346,339,347,336,341,343,334,336,339,335,358,337,347,346,336,338,351,334,343,337,343,351,348,349,340,332,343,340,346,348,349,342,350,339,357,348,349,361,348,357,352,352,359,356,370,353,350,353,366,349,352,350,349,349,347,353,352,338,347,341,343,346,339,337,345,335,338,343,345,349,338,342,343
"2026-09-23 09:44:57.080",120640,ON,"Turmeric",2559,378,343,341,336,338,336,345,342,333,336,337,337,354,341,336,336,332,343,336,333,343,336,346,336,345,338,337,341,345,343,336,345,336,336,337,341,347,346,350,359,345,374,379,382,405,432,467,528,563,619,778,943,1178,1375,1517,1563,1490,1353,1308,1194,1145,1057,971,921,880,880,875,865,912,944,997,1078,1119,1186,1238,1346,1355,1445,1495,1570,1658,1693,1739,1804,1829,1919,1946,1971,1943,1942,1930,1945,1975,2000,2064,2098,2129,2170,2170,2209,2213,2254,2277,2311,2342,2402,2441,2466,2497,2526,2533,2559,2531,2556,2529,2538,2547,2539,2501,2496,2482,2451,2389,2339,2288,2209,2158,2106,2019,1968,1923,1827,1795,1701,1664,1601,1535,1489,1422,1362,1329,1259,1216,1177,1104,1073,1014,985,955,904,882,838,807,794,772,742,739,720,696,676,651,635,623,605,592,592,557,551,527,525,500,491,487,467,466,448,446,446,433,417,418,407,397,397,391,397,385,393,383,375,376,368,374,368,368,370,366,355,357,357,352,363,351,353,366,349,358,352,341,357,348,343,344,338,341,343,348,352,338,341,347,337,340,341,335,362,338,343,343,334,345,347,340,339,342,347,351,351,341,350,336,350,343,347,351,347,351,359,342,360,345,354,357,352,359,354,353,365,362,356,358,352,357,366,351,357,350,336,350,342,355,353,341,350,353,337,352,336,345,348,336,341,348,351,352,343,342,348
"2026-09-23 09:45:27.231",120640,ON,"Turmeric",2583,378,343,342,341,337,339,351,344,337,342,341,341,354,341,336,336,333,343,339,341,336,336,349,342,334,345,336,336,347,336,336,343,333,337,336,338,344,341,351,354,347,369,383,384,402,432,464,526,570,662,783,957,1184,1393,1535,1597,1520,1422,1339,1221,1149,1086,992,935,892,883,884,898,927,939,1002,1097,1119,1200,1264,1358,1393,1462,1517,1591,1680,1715,1778,1829,1893,1943,1968,1985,1991,1985,1953,1968,2005,2035,2085,2138,2153,2187,2203,2218,2255,2256,2298,2326,2337,2415,2439,2496,2542,2549,2559,2559,2545,2583,2545,2559,2559,2549,2547,2505,2502,2476,2416,2371,2315,2226,2178,2119,2043,1987,1933,1840,1808,1712,1670,1604,1535,1493,1442,1364,1338,1274,1216,1159,1104,1085,1013,987,950,912,880,839,816,795,774,736,739,720,702,681,655,631,626,594,592,573,565,546,526,527,498,490,489,464,465,491,448,448,434,413,423,407,399,409,387,400,385,386,386,379,380,368,368,368,373,364,368,363,359,358,358,357,347,345,357,345,357,346,340,352,350,343,342,337,342,343,341,348,336,337,352,338,338,345,336,315,336,343,357,336,357,347,336,341,344,334,347,347,346,333,335,343,341,347,347,347,343,355,343,351,342,349,358,347,355,351,354,351,353,378,355,343,354,368,353,351,347,347,354,336,355,355,342,347,343,338,349,342,339,346,336,336,347,347,381,338,342,341
"2026-09-23 09:45:57.360",117183,ON,"Turmeric",2499,378,349,336,337,340,334,347,339,339,346,338,339,358,348,337,337,336,339,338,336,342,338,349,339,334,341,336,337,341,339,340,343,336,337,336,336,346,336,341,354,347,368,372,386,406,424,454,511,566,651,778,933,1157,1359,1489,1535,1474,1377,1311,1186,1118,1041,963,912,868,869,857,880,899,930,994,1055,1097,1168,1232,1311,1358,1421,1478,1535,1616,1676,1685,1792,1827,1878,1905,1926,1933,1920,1889,1921,1950,1966,2015,2065,2109,2115,2128,2154,2176,2183,2222,2256,2285,2336,2375,2416,2454,2480,2487,2499,2478,2499,2474,2480,2470,2494,2460,2453,2435,2402,2335,2299,2256,2169,2093,2033,1988,1931,1862,1793,1745,1682,1623,1567,1508,1440,1407,1335,1305,1227,1179,1136,1072,1059,1000,960,931,895,861,817,795,771,758,739,725,707,683,662,640,624,619,593,581,560,547,537,528,523,497,483,475,462,467,445,443,451,433,416,417,411,398,400,393,395,382,395,384,393,379,377,368,368,370,368,367,365,364,359,353,358,327,351,363,352,358,350,341,341,346,341,343,337,337,341,341,351,336,337,348,338,341,337,336,359,339,342,349,335,338,359,336,346,338,348,347,358,351,350,336,350,352,341,349,342,347,356,343,354,347,354,363,349,358,352,349,358,358,349,353,345,347,368,347,355,353,351,352,347,355,351,338,347,340,339,350,342,346,347,336,343,346,343,350,339,343,359
"2026-09-23 09:46:27.398",117183,ON,"Turmeric",2559,379,346,338,336,351,336,353,339,336,341,337,350,362,346,338,336,335,339,342,339,347,338,351,343,336,342,336,339,346,338,336,342,340,342,341,343,345,339,349,357,350,374,370,386,410,432,464,511,578,691,791,960,1202,1395,1527,1600,1521,1433,1351,1215,1165,1078,988,929,886,880,880,896,918,951,1007,1088,1119,1205,1250,1346,1387,1442,1517,1582,1673,1713,1767,1808,1885,1947,1959,1981,1974,1979,1937,1941,1991,2018,2074,2122,2145,2173,2209,2224,2225,2261,2291,2318,2326,2355,2432,2471,2529,2539,2534,2558,2542,2559,2539,2557,2533,2544,2523,2497,2490,2443,2398,2349,2295,2234,2159,2107,2057,1971,1922,1842,1791,1724,1666,1611,1532,1488,1440,1349,1329,1249,1216,1159,1104,1075,1011,967,935,911,865,848,806,789,771,751,731,712,702,672,654,630,624,608,587,565,557,551,530,509,498,487,486,461,464,448,442,446,433,423,423,407,400,399,388,390,396,393,391,377,371,377,368,372,377,365,365,364,366,363,363,359,350,352,367,351,357,352,343,354,352,351,348,336,342,347,346,343,336,343,351,336,343,346,337,359,341,339,345,337,347,351,336,342,339,352,353,353,349,357,343,338,343,345,352,352,351,359,339,363,336,349,362,359,353,359,359,359,356,363,358,352,358,372,352,354,346,354,358,345,359,351,337,355,343,341,352,349,347,349,341,340,346,351,358,346,347,355
"2026-09-23 09:46:57.437",117183,ON,"Turmeric",2620,375,349,340,336,337,337,346,342,336,343,352,343,358,340,343,336,336,339,341,336,337,338,351,341,335,336,339,339,341,335,334,348,336,336,342,351,345,342,349,361,347,372,373,384,429,433,459,535,587,674,791,975,1216,1443,1602,1660,1571,1467,1379,1264,1189,1104,1031,955,910,892,902,942,935,978,1042,1111,1134,1223,1295,1406,1424,1488,1535,1634,1703,1742,1806,1865,1930,1968,1985,2013,2010,2011,1997,2011,2037,2057,2106,2155,2191,2202,2238,2259,2272,2290,2331,2357,2368,2429,2476,2515,2551,2587,2599,2620,2559,2607,2592,2589,2587,2587,2559,2544,2509,2500,2422,2391,2326,2263,2194,2133,2029,2025,1961,1877,1827,1731,1684,1627,1569,1503,1440,1380,1350,1275,1221,1174,1121,1087,1023,982,959,911,881,852,827,796,781,752,740,731,696,681,656,646,627,602,591,573,557,549,533,524,499,491,490,494,467,449,446,449,432,415,423,414,403,400,388,397,390,391,384,373,381,373,368,368,368,368,368,354,364,354,354,356,351,349,358,343,353,351,338,352,349,349,347,327,341,339,307,351,336,335,348,333,342,339,302,357,340,345,342,336,340,350,338,339,341,343,354,351,341,346,336,347,345,348,345,346,346,359,345,353,353,348,365,347,356,356,351,358,355,357,353,350,354,365,355,356,354,347,353,343,362,348,339,347,343,364,349,342,343,347,335,337,350,342,354,343,353,348
"2026-09-23 09:47:27.543",113659,ON,"Turmeric",2559,374,347,365,336,346,333,347,345,335,345,336,347,353,339,336,337,334,345,336,336,342,337,347,343,336,345,336,337,341,336,335,353,341,341,347,340,346,339,346,352,350,373,352,385,411,439,471,528,582,675,809,979,1235,1439,1615,1652,1590,1473,1393,1260,1175,1104,1023,945,912,910,901,917,947,978,1037,1116,1151,1226,1283,1385,1398,1497,1535,1617,1700,1744,1795,1854,1931,1968,1985,2013,2006,2001,1972,2000,2032,2047,2106,2133,2175,2199,2213,2227,2256,2288,2313,2352,2384,2419,2470,2493,2536,2544,2559,2559,2559,2559,2559,2559,2559,2559,2544,2542,2512,2505,2413,2372,2320,2246,2184,2117,2039,2000,1903,1853,1803,1727,1662,1616,1553,1505,1453,1373,1348,1259,1215,1166,1104,1088,1015,978,954,906,883,847,817,805,771,742,741,726,689,665,650,643,628,605,590,567,561,539,528,523,507,496,497,466,464,451,439,446,432,428,417,416,400,400,391,394,387,394,387,374,381,368,367,370,374,366,368,368,364,363,359,364,353,352,359,352,355,353,340,347,347,339,344,336,338,341,341,343,336,336,347,336,336,341,336,356,336,338,347,335,341,345,338,345,340,352,355,357,348,349,336,350,350,349,350,346,350,355,339,353,350,356,366,351,354,354,353,362,365,349,355,353,354,369,352,355,347,352,356,307,353,351,339,347,342,340,351,348,337,347,338,340,341,351,349,339,349,349
"2026-09-23 09:47:57.553",110281,ON,"Turmeric",2544,376,346,346,336,343,336,346,342,331,340,336,364,350,336,339,340,333,334,370,339,338,341,344,339,304,336,342,336,339,336,338,338,332,338,336,342,349,338,348,351,347,368,384,383,411,435,469,528,579,670,800,971,1226,1437,1565,1636,1570,1444,1378,1238,1185,1102,1023,951,899,887,885,918,937,967,1019,1092,1135,1228,1281,1365,1399,1474,1510,1600,1670,1714,1793,1834,1895,1947,1956,1973,1971,1967,1965,1968,2017,2015,2081,2112,2143,2173,2180,2214,2243,2247,2278,2306,2334,2391,2416,2417,2501,2529,2519,2539,2512,2544,2514,2521,2532,2515,2500,2482,2462,2459,2367,2337,2294,2208,2158,2086,2019,1962,1895,1814,1774,1700,1648,1589,1521,1463,1424,1350,1312,1247,1206,1158,1097,1079,1001,965,926,912,867,839,801,783,758,735,730,709,688,662,640,625,613,599,576,565,547,540,527,511,496,481,479,461,464,443,437,441,427,412,423,411,400,390,380,389,383,387,391,375,376,369,364,368,368,368,359,363,363,356,353,357,350,352,362,348,347,346,337,346,347,339,322,336,337,343,339,344,333,334,348,333,342,338,333,355,336,339,345,336,345,351,317,345,341,351,349,356,346,346,336,351,346,348,339,349,353,354,341,359,343,350,364,352,355,353,348,364,360,352,351,350,356,363,354,354,355,351,350,352,357,327,342,353,320,336,347,349,340,343,335,339,353,342,350,336,340,346
"2026-09-23 09:48:27.620",110281,ON,"Turmeric",2614,375,341,338,336,337,334,346,341,336,333,336,338,355,336,338,338,330,337,336,336,342,336,340,349,335,337,336,335,343,336,335,337,334,339,336,337,343,336,339,359,355,380,372,384,415,446,469,537,590,686,817,1008,1255,1471,1621,1682,1616,1488,1411,1287,1218,1129,1042,979,916,915,915,925,959,995,1035,1129,1168,1251,1302,1408,1439,1507,1562,1644,1727,1761,1833,1872,1937,1979,2017,2034,2027,2030,2001,2038,2059,2083,2121,2170,2198,2224,2251,2247,2291,2303,2342,2363,2379,2463,2487,2534,2589,2614,2613,2608,2593,2603,2591,2595,2605,2593,2585,2547,2559,2512,2448,2389,2322,2259,2215,2147,2080,2015,1953,1872,1815,1746,1683,1630,1557,1519,1465,1392,1349,1280,1234,1186,1117,1095,1023,996,954,915,885,857,819,807,773,752,739,721,698,682,646,643,620,604,591,571,560,548,531,528,503,496,492,466,470,452,444,442,432,423,418,407,401,394,387,399,384,393,385,386,380,368,368,370,375,365,365,367,354,355,352,363,349,352,358,352,354,350,339,353,347,341,345,353,340,340,340,345,337,334,341,335,341,338,352,353,336,345,341,335,348,347,338,336,343,342,352,361,346,347,336,341,348,345,352,349,351,356,343,353,347,356,363,365,352,351,350,353,359,350,351,339,359,366,346,354,350,350,341,348,358,347,336,352,341,337,337,345,337,349,336,338,350,341,353,346,343,348
"2026-09-23 09:48:57.688",110281,ON,"Turmeric",2597,377,346,376,340,343,335,348,347,332,343,334,340,353,338,336,339,330,340,336,339,338,337,345,342,333,340,324,336,345,336,335,347,337,341,339,341,352,337,348,361,355,368,381,390,405,436,467,538,585,695,816,1004,1257,1469,1618,1699,1615,1504,1418,1279,1219,1132,1038,982,921,913,910,944,950,1001,1057,1127,1158,1230,1296,1402,1435,1504,1561,1631,1705,1754,1813,1875,1923,2000,2003,2029,1990,2000,1980,1986,2034,2067,2087,2159,2182,2218,2235,2240,2262,2282,2320,2350,2383,2427,2473,2515,2540,2551,2589,2591,2559,2597,2559,2559,2559,2559,2550,2523,2502,2491,2416,2365,2323,2246,2176,2134,2054,1991,1925,1869,1791,1725,1670,1607,1535,1477,1436,1377,1323,1262,1203,1174,1098,1075,1008,979,944,907,873,842,814,791,767,747,732,720,693,673,643,637,623,602,590,573,553,526,523,529,499,490,478,464,465,448,446,447,435,418,418,406,402,399,393,395,384,390,397,380,374,371,368,370,369,366,366,363,363,359,350,320,350,348,363,350,361,353,343,369,352,350,345,339,340,342,345,350,338,337,355,337,341,345,336,362,340,336,342,336,342,343,336,338,338,347,347,351,343,351,337,342,343,347,350,345,354,355,341,358,346,353,362,349,354,359,354,357,357,350,353,347,353,368,351,354,347,354,346,355,353,345,336,350,343,341,349,343,338,346,334,342,351,350,351,340,349,347
"2026-09-23 09:49:27.756",110281,ON,"Turmeric",2559,377,339,337,336,339,336,343,340,336,339,345,343,352,338,336,340,336,336,326,336,334,336,340,337,334,345,335,341,346,336,335,339,336,337,339,336,343,337,340,356,354,368,376,386,415,434,470,529,583,678,797,979,1229,1454,1600,1669,1589,1473,1392,1264,1198,1122,1021,969,913,906,902,915,936,983,1045,1117,1143,1222,1281,1392,1419,1488,1535,1609,1673,1726,1783,1854,1904,1966,1975,1994,1995,1991,1995,1979,2000,2030,2076,2128,2158,2182,2207,2207,2234,2254,2288,2307,2349,2399,2430,2486,2519,2539,2545,2559,2525,2541,2513,2531,2492,2547,2497,2505,2473,2450,2374,2349,2277,2203,2154,2098,2016,1968,1902,1846,1771,1693,1648,1594,1522,1472,1413,1355,1311,1239,1202,1151,1089,1063,999,966,935,888,859,832,801,795,766,735,740,705,689,663,639,630,623,594,587,567,553,537,524,522,497,484,486,462,464,448,443,436,433,415,417,401,400,397,398,390,367,387,385,378,371,368,359,363,368,363,366,362,362,350,361,358,347,350,359,349,357,352,342,349,351,348,347,329,347,339,341,342,336,336,347,333,338,344,336,356,339,343,343,337,346,352,336,348,342,347,354,354,346,346,336,343,347,350,346,347,347,356,342,357,350,350,359,346,350,352,355,358,355,352,351,342,353,368,349,350,343,348,345,346,354,345,335,347,337,338,345,347,343,350,336,337,347,346,339,346,347,346
"2026-09-23 09:49:57.825",110281,ON,"Turmeric",2604,375,349,339,339,339,337,351,342,334,354,337,340,352,338,349,337,331,340,336,337,339,336,347,343,336,336,336,335,340,336,295,340,335,336,342,336,347,336,349,352,350,368,378,383,416,435,473,535,591,688,832,1037,1264,1488,1629,1695,1616,1520,1410,1289,1216,1141,1014,976,931,923,922,934,959,995,1047,1136,1170,1234,1309,1417,1439,1517,1558,1648,1712,1759,1837,1879,1925,1988,2011,2025,2025,2016,1995,1995,2034,2045,2107,2149,2187,2214,2229,2243,2290,2286,2316,2352,2379,2455,2461,2503,2558,2559,2599,2559,2592,2595,2559,2559,2559,2604,2559,2514,2511,2498,2411,2384,2321,2252,2191,2125,2043,1988,1918,1856,1797,1713,1670,1616,1535,1493,1427,1356,1344,1255,1215,1163,1109,1057,1011,981,949,915,874,846,805,794,768,747,735,716,701,663,651,634,625,596,591,567,558,542,525,511,502,487,489,464,464,448,442,446,438,418,420,397,401,393,394,396,375,390,382,379,377,373,367,368,336,364,365,362,359,360,355,357,346,347,355,343,354,349,339,349,349,340,347,336,338,342,339,343,337,338,347,337,340,330,332,353,341,343,347,334,343,352,341,339,353,350,357,355,347,343,336,348,347,345,347,347,344,355,340,351,347,354,358,351,352,359,349,361,353,354,336,347,363,368,352,356,366,356,354,349,357,352,336,349,345,339,347,340,337,345,332,343,351,345,345,346,347,348
"2026-09-23 09:50:27.872",103393,ON,"Turmeric",2595,377,346,340,330,342,336,352,340,334,342,336,342,357,341,336,336,347,337,339,336,338,339,346,346,335,343,333,338,342,336,336,346,332,342,338,336,349,339,345,356,352,370,379,386,414,447,479,543,592,689,839,1023,1267,1513,1649,1726,1649,1535,1401,1297,1227,1170,1066,976,937,917,924,943,966,1008,1060,1140,1180,1246,1317,1408,1445,1518,1587,1648,1734,1775,1842,1893,1929,2007,2005,2020,2016,2035,1987,2001,2055,2070,2128,2154,2194,2215,2235,2253,2269,2288,2346,2351,2380,2420,2465,2510,2547,2582,2595,2591,2559,2593,2582,2593,2551,2559,2549,2544,2511,2484,2406,2378,2320,2240,2178,2129,2059,1979,1920,1851,1809,1715,1665,1613,1535,1488,1440,1370,1331,1257,1221,1162,1105,1083,1003,976,944,911,869,851,806,785,767,748,745,715,697,672,649,627,617,599,590,564,554,549,528,523,496,490,477,464,465,458,431,436,425,419,417,401,422,394,389,375,384,391,389,374,373,368,367,368,368,368,366,365,358,355,353,359,346,353,358,349,352,350,338,350,344,338,343,336,339,346,342,343,336,335,349,335,336,345,338,350,335,319,348,336,341,345,336,339,335,349,356,349,347,340,338,343,339,350,354,343,347,350,341,356,343,351,346,350,353,357,356,361,352,351,353,347,357,368,353,355,343,352,349,351,357,345,341,343,347,332,353,343,336,341,336,339,370,339,347,343,346,347
"2026-09-23 09:50:57.991",99939,ON,"Turmeric",2382,375,339,335,335,337,336,343,337,336,340,336,337,353,336,336,336,325,336,336,331,337,336,338,336,329,335,343,333,342,332,333,336,315,334,333,338,341,336,342,353,339,363,368,377,406,432,461,510,561,651,773,943,1174,1372,1506,1554,1488,1392,1278,1188,1110,1052,975,877,865,848,858,879,896,928,967,1060,1082,1155,1206,1301,1328,1395,1440,1499,1593,1630,1674,1738,1766,1855,1840,1849,1856,1854,1815,1821,1872,1898,1928,1979,2023,2032,2045,2065,2081,2111,2139,2161,2179,2241,2281,2322,2336,2354,2374,2377,2341,2382,2363,2379,2355,2359,2346,2325,2293,2278,2224,2190,2128,2069,2005,1942,1878,1840,1776,1703,1648,1589,1535,1477,1408,1388,1328,1264,1235,1184,1137,1083,1014,1003,944,907,873,850,826,797,761,752,726,699,691,685,661,641,613,614,594,575,565,511,529,528,496,501,485,471,436,444,453,434,432,431,418,406,411,400,391,389,384,379,384,381,384,371,368,364,365,363,368,360,362,353,324,352,354,356,345,346,359,343,349,346,335,347,340,340,338,330,337,339,337,342,333,336,343,333,336,338,336,353,335,337,345,332,336,348,334,338,337,367,351,343,307,339,336,345,341,353,341,352,338,355,338,354,339,349,357,347,351,347,351,356,355,357,348,342,348,358,348,350,343,339,345,341,354,344,338,343,336,336,341,343,323,347,334,336,343,338,348,340,344,337
"2026-09-23 09:51:28.045",99939,ON,"Turmeric",2427,375,342,342,334,342,336,305,337,328,336,331,338,349,355,338,335,331,344,368,333,337,336,341,341,327,337,336,336,339,331,334,337,335,336,337,336,349,331,336,352,341,364,370,381,405,427,463,522,576,663,782,959,1184,1401,1531,1599,1530,1415,1310,1201,1155,1072,986,923,881,875,870,893,916,941,994,1069,1117,1166,1226,1317,1364,1421,1465,1535,1623,1649,1718,1781,1808,1875,1893,1900,1893,1884,1857,1879,1917,1934,1991,2015,2038,2080,2091,2115,2113,2150,2167,2192,2219,2284,2320,2345,2393,2407,2415,2425,2391,2422,2398,2427,2402,2422,2395,2374,2353,2335,2270,2218,2175,2112,2047,1973,1915,1856,1813,1734,1695,1625,1570,1509,1456,1390,1357,1296,1263,1200,1154,1107,1040,1023,963,915,898,870,833,817,767,757,730,704,707,683,675,640,622,615,583,582,573,557,541,534,503,501,491,480,471,449,446,442,434,436,423,415,409,394,390,389,384,382,382,382,378,368,367,368,370,367,367,358,362,355,354,352,352,352,341,345,359,340,356,347,339,341,339,339,343,340,342,337,336,338,336,336,350,334,336,336,336,352,332,337,342,335,336,341,334,338,336,342,346,352,341,345,307,348,339,341,343,346,345,350,345,351,347,320,358,351,349,353,348,361,354,352,347,341,354,365,346,354,347,345,353,344,358,348,336,345,339,336,348,339,342,343,331,326,342,339,347,342,339,340
"2026-09-23 09:51:58.101",99939,ON,"Turmeric",2447,376,339,336,336,342,334,341,336,331,343,334,341,348,336,336,337,323,335,336,333,336,336,338,336,327,337,325,336,338,335,336,336,332,336,336,336,341,336,341,350,343,368,372,379,402,429,459,522,566,658,789,957,1189,1395,1535,1601,1531,1431,1296,1215,1152,1072,993,932,879,875,855,888,912,944,995,1063,1097,1173,1235,1328,1360,1410,1481,1535,1626,1655,1715,1759,1808,1872,1920,1902,1898,1892,1892,1879,1903,1931,1984,2018,2058,2063,2107,2112,2128,2154,2191,2209,2225,2263,2317,2353,2405,2406,2419,2438,2406,2447,2414,2416,2417,2430,2375,2368,2353,2320,2269,2224,2191,2100,2056,1975,1916,1870,1808,1734,1697,1616,1563,1510,1465,1408,1345,1293,1249,1183,1147,1088,1039,1013,960,918,897,848,827,799,771,752,723,716,694,682,650,639,611,612,591,569,566,543,528,511,501,500,483,467,473,447,448,445,433,432,421,405,407,404,394,386,381,384,379,384,385,368,368,368,362,360,368,358,358,355,342,353,355,348,347,352,355,339,350,342,337,350,337,336,339,336,336,339,339,343,336,337,343,333,336,334,333,352,327,337,338,336,338,350,327,345,336,346,352,351,340,339,336,343,335,340,337,337,338,345,336,350,338,343,352,337,350,347,343,354,345,330,345,363,350,358,346,338,343,345,345,337,374,343,336,348,338,333,341,342,339,340,327,337,343,338,346,337,352,343
"2026-09-23 09:52:28.155",99939,ON,"Turmeric",2430,376,341,336,336,337,332,341,337,334,341,335,336,355,337,338,336,330,338,304,333,337,335,336,338,333,338,331,334,336,336,335,336,327,337,336,336,340,345,340,350,350,368,370,381,406,429,456,539,570,660,778,944,1187,1389,1515,1597,1525,1419,1333,1198,1144,1077,976,925,875,865,855,881,907,944,1022,1072,1093,1167,1221,1315,1347,1416,1473,1535,1600,1649,1711,1754,1814,1851,1878,1893,1879,1872,1872,1869,1907,1926,1969,2006,2037,2079,2089,2085,2126,2139,2162,2182,2223,2291,2313,2352,2379,2389,2406,2430,2384,2416,2403,2418,2381,2393,2391,2371,2339,2321,2257,2205,2156,2094,2023,1973,1883,1864,1796,1728,1680,1615,1563,1514,1446,1403,1339,1281,1247,1180,1146,1094,1023,1009,954,918,887,855,826,798,768,754,735,700,694,675,663,644,621,607,591,576,566,550,534,528,500,498,488,475,466,448,451,441,427,432,429,410,411,379,394,386,384,384,383,383,382,370,368,368,349,364,368,363,368,353,363,351,347,355,347,343,355,345,346,351,338,345,347,338,342,336,345,338,336,345,336,336,349,333,336,339,336,351,335,343,341,334,347,349,341,340,336,341,350,352,343,343,336,345,341,345,343,342,345,347,338,357,339,346,359,338,357,355,345,353,353,349,353,348,354,355,349,349,343,348,349,338,350,353,336,347,338,333,346,340,337,340,336,337,337,342,346,340,345,339
"2026-09-23 09:52:58.210",99939,ON,"Turmeric",2384,380,340,336,336,331,336,341,343,334,341,333,340,356,338,337,336,327,337,336,336,339,336,341,339,332,342,332,347,347,335,335,336,335,337,336,336,346,336,349,350,348,368,375,379,401,431,455,511,565,656,780,939,1170,1365,1510,1554,1497,1382,1291,1184,1130,1063,931,909,866,863,854,881,896,922,975,1047,1095,1153,1213,1300,1333,1392,1431,1517,1593,1628,1680,1733,1789,1825,1851,1872,1850,1855,1840,1841,1869,1897,1933,1969,2009,2030,2043,2063,2081,2096,2137,2160,2195,2225,2274,2310,2354,2375,2367,2384,2363,2383,2355,2361,2365,2367,2338,2341,2320,2283,2211,2166,2143,2070,2010,1954,1887,1835,1763,1707,1659,1600,1535,1485,1418,1387,1331,1270,1245,1183,1135,1077,1022,1002,945,912,880,851,821,797,768,742,727,704,693,688,656,657,618,592,578,582,558,538,532,511,500,496,485,466,469,446,448,439,432,432,421,402,411,399,390,384,372,382,375,385,372,368,368,362,364,365,368,359,355,356,355,352,347,352,342,346,355,343,355,347,335,339,344,336,341,335,338,336,341,341,330,337,344,331,336,339,333,350,336,336,343,335,342,344,333,335,336,339,353,336,338,338,327,341,339,343,345,340,343,354,339,353,345,346,355,339,356,350,349,359,350,348,352,347,353,368,350,347,342,341,345,336,355,351,337,342,336,336,345,342,338,346,336,331,341,339,349,338,339,349
"2026-09-23 09:53:28.264",99939,ON,"Turmeric",2461,377,339,338,331,339,335,345,338,336,341,338,344,368,342,304,336,334,336,336,336,339,337,349,343,329,339,337,336,342,336,337,341,336,339,341,336,341,341,331,354,342,381,374,379,407,432,461,523,574,669,804,985,1232,1438,1567,1635,1589,1410,1386,1245,1175,1099,1017,945,897,887,892,907,938,962,1020,1089,1125,1201,1263,1355,1383,1450,1494,1562,1646,1680,1744,1791,1849,1888,1914,1909,1933,1904,1894,1904,1925,1984,2013,2032,2087,2093,2119,2135,2160,2176,2207,2218,2258,2320,2356,2390,2433,2436,2442,2439,2434,2461,2442,2452,2447,2446,2409,2416,2381,2355,2288,2261,2204,2125,2064,1999,1943,1873,1818,1747,1710,1626,1588,1534,1456,1403,1365,1302,1277,1200,1140,1098,1042,1037,958,932,895,869,842,816,772,763,726,710,719,687,671,645,626,610,596,588,574,560,534,529,501,496,488,473,475,451,459,441,435,432,430,410,413,401,395,395,386,385,383,379,384,375,370,364,365,368,369,362,362,361,353,386,351,354,354,345,359,346,348,342,336,349,343,346,338,336,336,337,337,346,336,334,346,334,337,339,333,356,336,337,341,336,337,341,331,341,338,345,352,352,347,341,336,341,351,340,341,343,346,352,336,358,339,347,357,346,350,349,348,355,352,354,351,341,352,367,348,352,346,345,347,341,354,342,338,346,348,336,342,340,337,341,336,336,345,339,347,341,347,347
"2026-09-23 09:53:58.319",99939,ON,"Turmeric",2476,379,339,336,335,339,334,346,336,334,348,333,340,355,336,336,330,323,336,336,335,339,338,339,338,330,336,336,329,338,336,334,336,335,336,336,336,347,336,335,352,346,367,373,385,407,438,464,529,583,685,813,979,1217,1431,1595,1648,1571,1463,1359,1254,1173,1108,1019,944,890,893,887,921,926,938,1015,1047,1136,1206,1273,1367,1397,1456,1518,1581,1666,1696,1760,1811,1813,1920,1947,1942,1941,1927,1911,1915,1948,1969,2014,2065,2096,2132,2128,2143,2160,2186,2233,2253,2272,2350,2370,2394,2446,2464,2469,2475,2454,2475,2476,2465,2453,2464,2432,2433,2405,2370,2305,2271,2214,2155,2096,2023,1954,1892,1842,1766,1721,1644,1593,1535,1477,1455,1381,1292,1264,1206,1168,1116,1066,1034,977,942,912,877,834,823,738,768,752,720,717,688,665,656,627,617,605,592,576,555,540,535,509,502,489,475,471,450,453,444,432,412,430,419,415,400,396,391,384,389,383,387,384,377,371,368,362,362,368,361,366,359,358,354,352,353,344,358,355,346,350,352,336,349,343,341,347,334,347,343,336,343,336,336,343,331,336,335,329,346,334,336,341,334,336,342,332,336,337,341,342,349,359,342,333,341,339,343,346,341,343,353,339,354,342,350,368,347,352,346,352,352,350,352,352,327,352,359,347,345,343,350,349,345,355,345,334,341,336,336,342,340,338,340,334,334,372,337,368,341,342,343
"2026-09-23 09:54:28.373",99939,ON,"Turmeric",2517,375,341,338,336,337,333,340,340,329,342,334,342,349,341,335,336,336,343,341,336,338,336,336,341,327,336,331,336,336,336,333,336,352,336,336,336,342,336,339,354,351,368,372,384,412,433,470,533,587,686,816,1003,1264,1467,1635,1680,1616,1493,1388,1282,1210,1135,1078,954,867,914,908,937,957,985,1042,1122,1151,1221,1285,1385,1427,1488,1534,1602,1680,1727,1780,1835,1881,1947,1951,1956,1968,1969,1933,1961,1983,2007,2037,2097,2128,2139,2171,2175,2208,2224,2261,2285,2304,2366,2405,2429,2464,2499,2512,2494,2495,2517,2471,2480,2485,2489,2448,2438,2417,2413,2342,2295,2234,2158,2117,2047,1972,1927,1872,1775,1742,1664,1603,1578,1475,1443,1387,1328,1297,1222,1190,1126,1068,1042,976,939,908,877,846,815,784,778,751,713,722,694,676,647,624,591,609,592,574,557,539,528,509,506,491,469,470,491,461,452,431,432,431,400,405,420,389,387,386,386,379,383,368,370,369,366,361,359,368,356,361,354,356,349,346,349,342,343,355,343,350,348,336,347,337,336,336,329,336,314,336,337,336,336,341,329,337,331,329,353,333,336,339,325,337,380,331,338,336,343,343,345,343,337,335,338,342,341,342,339,339,352,336,352,342,343,357,338,350,337,346,355,354,343,346,339,349,359,343,352,345,336,346,336,353,345,336,343,336,336,340,340,336,339,327,333,343,336,349,336,331,343
"2026-09-23 09:54:58.428",99939,ON,"Turmeric",2480,377,336,335,335,336,336,343,343,330,307,336,336,350,336,336,336,327,338,334,336,336,333,339,336,333,336,336,335,340,336,331,336,327,336,335,336,338,336,347,352,342,369,374,385,407,435,481,528,576,679,798,976,1211,1443,1586,1647,1571,1465,1377,1245,1168,1104,1011,943,899,899,893,913,939,964,1008,1104,1137,1204,1257,1354,1382,1449,1506,1589,1654,1702,1767,1799,1847,1898,1927,1904,1941,1936,1904,1918,1955,1973,2006,2063,2096,2128,2135,2153,2165,2166,2223,2240,2310,2336,2371,2403,2435,2462,2480,2477,2442,2471,2446,2461,2478,2455,2424,2416,2387,2363,2306,2273,2226,2138,2093,2007,1954,1904,1843,1767,1709,1607,1600,1535,1470,1419,1375,1310,1271,1210,1159,1113,1057,1037,969,938,896,879,849,815,783,767,752,715,706,689,672,624,625,614,598,585,574,552,534,538,503,500,495,479,468,454,455,443,434,435,427,412,417,395,400,389,387,387,380,387,380,373,369,370,363,368,372,359,361,368,353,355,355,355,346,351,357,348,349,350,338,347,349,346,338,332,336,345,336,345,338,336,351,336,346,339,335,358,335,342,341,336,339,343,336,337,338,341,350,354,342,346,341,347,340,346,341,347,348,353,355,355,348,347,362,349,349,354,350,353,354,343,349,341,350,365,347,346,343,346,341,345,349,347,336,345,337,337,340,336,341,342,331,336,342,343,350,339,338,343
"2026-09-23 09:55:28.482",99939,ON,"Turmeric",2485,377,341,336,336,336,333,338,337,325,339,336,335,351,338,336,336,331,338,336,331,335,336,339,339,330,336,336,331,338,333,330,339,331,336,336,333,342,336,346,313,325,368,377,384,387,432,464,529,578,672,801,971,1214,1435,1573,1639,1530,1439,1375,1244,1171,1092,1007,944,894,897,885,881,929,969,1010,1097,1120,1199,1261,1358,1394,1429,1517,1584,1662,1695,1752,1793,1843,1905,1913,1941,1929,1919,1917,1905,1942,1963,2030,2044,2086,2117,2134,2150,2166,2190,2209,2242,2271,2322,2371,2403,2427,2451,2480,2461,2455,2485,2461,2466,2450,2460,2430,2410,2389,2383,2321,2287,2211,2144,2082,2002,1963,1913,1840,1765,1713,1645,1588,1535,1477,1430,1371,1296,1257,1216,1159,1119,1056,1040,970,945,902,872,838,816,784,765,750,737,709,697,674,647,624,619,603,588,571,555,548,532,506,554,496,481,469,459,454,437,435,432,423,403,416,401,399,391,384,386,377,381,382,373,368,365,362,364,364,361,361,357,355,364,345,358,346,345,358,343,351,343,340,346,350,336,339,334,338,345,337,341,336,336,342,331,336,336,331,350,334,337,368,334,336,347,332,338,336,346,343,346,345,343,336,342,337,346,341,343,338,350,342,350,339,347,355,341,353,357,354,356,358,347,353,352,349,359,347,353,345,346,342,340,353,341,336,341,337,336,341,336,333,341,334,336,336,336,346,336,341,340
"2026-09-23 09:55:58.537",99939,ON,"Turmeric",2484,361,346,336,334,338,329,348,339,334,336,335,339,351,337,339,336,325,340,334,336,340,337,342,336,332,334,329,337,336,336,336,342,336,337,336,340,348,334,346,357,349,370,373,386,407,438,465,528,579,673,811,979,1226,1447,1587,1651,1578,1465,1343,1264,1175,1111,1015,951,903,897,896,910,942,975,1023,1105,1131,1212,1262,1361,1394,1461,1501,1587,1651,1708,1765,1792,1863,1903,1917,1934,1947,1920,1925,1914,1957,1981,2031,2042,2087,2123,2134,2160,2163,2181,2224,2238,2275,2320,2370,2405,2434,2447,2461,2475,2439,2484,2459,2452,2450,2449,2453,2416,2394,2369,2304,2260,2224,2143,2096,2026,1949,1898,1841,1756,1712,1647,1600,1535,1483,1431,1382,1302,1276,1207,1173,1122,1053,1040,960,944,914,869,843,816,778,765,739,715,711,691,672,643,624,614,605,578,576,549,543,533,510,508,494,473,467,458,464,448,432,433,427,409,413,403,389,390,381,383,378,385,384,368,369,368,363,361,367,358,363,364,354,353,346,347,342,347,347,349,351,347,336,351,340,336,336,331,338,337,340,342,336,333,338,334,336,336,335,357,338,341,342,331,336,348,336,335,336,341,350,353,343,343,334,342,342,341,342,343,344,355,337,357,342,347,354,350,351,349,347,352,353,347,352,346,353,368,351,353,348,351,340,338,347,346,336,345,338,338,342,337,336,345,335,339,336,341,343,341,343,344
"2026-09-23 09:56:28.591",99939,ON,"Turmeric",2501,380,345,336,336,338,336,343,339,335,347,336,341,355,339,317,336,329,336,342,333,341,337,347,336,336,339,336,336,343,336,335,342,336,366,336,336,320,339,345,357,350,375,378,384,414,439,467,529,581,688,812,982,1249,1472,1620,1670,1598,1488,1408,1271,1202,1115,1040,966,912,858,933,929,944,976,1023,1106,1148,1203,1271,1385,1406,1465,1522,1597,1663,1706,1776,1840,1873,1934,1947,1957,1952,1959,1931,1926,1966,2004,2055,2081,2121,2142,2161,2175,2193,2210,2246,2271,2288,2348,2393,2433,2469,2483,2485,2498,2496,2501,2477,2474,2478,2479,2454,2455,2410,2391,2327,2294,2250,2170,2090,2033,1971,1917,1855,1783,1734,1654,1604,1535,1475,1426,1379,1342,1283,1215,1171,1126,1061,1040,985,958,909,880,847,819,793,766,726,720,711,693,673,654,626,616,601,592,576,551,545,533,509,509,493,486,472,458,458,441,433,436,421,414,412,401,399,390,387,384,382,385,383,375,371,368,362,368,368,362,367,355,353,356,353,356,345,352,359,339,353,346,336,353,342,341,341,331,343,342,342,342,335,336,347,335,337,341,306,353,336,346,345,335,336,336,338,336,338,347,352,346,343,348,320,340,349,354,347,337,350,359,342,353,346,352,359,349,352,352,352,395,353,357,351,342,356,365,349,347,349,348,353,327,354,346,339,347,339,336,347,346,335,341,336,337,346,338,351,349,338,346
"2026-09-23 09:56:58.646",99939,ON,"Turmeric",2533,383,344,316,336,340,337,343,321,336,343,336,342,354,336,336,334,325,337,315,335,336,336,340,333,332,336,335,336,338,326,330,336,330,336,333,337,347,342,345,351,351,371,371,394,417,438,474,536,587,688,809,1008,1267,1482,1623,1677,1607,1499,1405,1237,1201,1119,1040,962,917,911,893,933,947,995,1047,1123,1141,1221,1286,1382,1423,1475,1533,1615,1690,1735,1783,1854,1879,1957,1968,1986,1981,1986,1935,1913,1987,2014,2066,2093,2122,2161,2177,2182,2210,2223,2249,2286,2326,2393,2406,2447,2491,2496,2519,2533,2487,2501,2490,2495,2488,2496,2479,2458,2446,2415,2352,2315,2250,2187,2141,2075,1993,1942,1873,1803,1735,1671,1627,1569,1529,1443,1406,1343,1304,1225,1177,1133,1086,1047,993,958,912,891,857,832,791,782,752,729,717,695,674,655,638,617,605,592,577,559,542,535,511,505,493,469,475,455,464,438,439,400,429,415,416,401,393,393,394,388,383,385,382,371,368,371,365,368,368,366,365,362,358,357,353,354,352,352,355,363,347,349,339,359,341,340,341,336,343,342,336,341,336,340,343,334,336,340,333,352,333,346,342,336,341,347,341,334,335,345,345,347,343,346,331,342,343,346,347,344,342,354,340,349,340,352,358,344,353,356,349,358,358,351,353,350,352,368,347,355,343,346,347,345,354,350,339,346,341,338,339,342,336,347,335,337,343,338,343,336,341,341
"2026-09-23 09:57:28.701",99939,ON,"Turmeric",2508,374,340,336,334,339,331,349,341,331,337,336,341,356,336,333,339,330,337,336,334,335,334,343,339,330,337,333,336,338,335,331,339,333,335,345,333,344,337,343,355,351,368,377,387,422,439,465,529,592,682,823,990,1249,1472,1618,1664,1600,1486,1384,1265,1199,1115,1023,960,919,912,897,924,944,998,1033,1104,1135,1216,1280,1373,1411,1481,1522,1597,1675,1693,1778,1823,1850,1930,1954,1959,1966,1950,1937,1931,1966,2010,2042,2096,2118,2147,2160,2189,2201,2214,2251,2270,2285,2362,2405,2434,2468,2479,2503,2502,2466,2508,2477,2482,2492,2480,2460,2453,2416,2403,2342,2297,2189,2163,2117,2046,1971,1930,1861,1799,1727,1664,1616,1535,1490,1445,1389,1332,1289,1208,1168,1121,1069,1055,977,946,907,885,851,825,785,778,720,720,710,699,679,654,624,621,609,591,580,557,546,529,509,506,496,475,479,455,464,445,435,435,426,441,417,400,400,389,382,386,381,384,383,370,371,368,366,367,369,362,362,355,361,357,352,351,349,347,358,349,359,347,339,350,346,343,343,333,344,340,336,342,337,336,343,335,338,327,336,349,337,337,339,328,347,339,334,336,336,342,346,346,343,338,333,337,339,333,342,346,350,351,339,357,345,346,358,350,346,350,340,353,352,349,349,343,355,368,348,352,353,351,348,341,347,348,336,346,336,338,347,341,338,342,336,336,338,339,347,337,342,339
"2026-09-23 09:57:58.755",99939,ON,"Turmeric",2480,378,342,310,337,337,332,362,338,331,337,334,336,349,336,338,335,330,339,334,335,339,336,339,337,331,339,334,335,341,336,336,340,336,336,324,336,348,336,348,357,345,370,369,379,413,432,464,527,579,682,805,986,1235,1441,1584,1665,1581,1458,1388,1251,1183,1104,1023,949,902,900,893,910,929,976,1023,1104,1127,1206,1262,1353,1397,1456,1477,1583,1663,1683,1747,1799,1872,1911,1936,1901,1921,1950,1909,1899,1945,1969,2017,2065,2096,2131,2128,2151,2173,2179,2224,2239,2256,2324,2362,2398,2430,2435,2479,2480,2433,2475,2427,2453,2433,2448,2432,2421,2390,2370,2300,2257,2209,2146,2081,2029,1952,1882,1840,1763,1727,1635,1591,1535,1487,1424,1366,1314,1275,1217,1161,1113,1057,1018,976,923,894,867,833,814,768,761,735,720,704,689,669,657,624,617,605,583,569,550,534,533,522,506,494,472,477,448,461,439,433,432,423,405,414,401,398,387,384,385,382,381,384,368,373,366,368,368,368,367,361,357,358,358,354,349,347,344,355,346,346,349,336,349,341,368,340,336,338,338,336,348,333,336,342,331,336,339,336,357,336,337,343,336,336,345,333,343,336,343,356,348,339,341,336,340,339,347,345,343,346,353,343,353,337,350,350,343,345,357,349,351,355,348,345,339,352,363,342,351,339,346,342,343,351,347,340,341,338,332,346,342,334,342,336,337,342,337,348,336,342,340
"2026-09-23 09:58:28.810",99939,ON,"Turmeric",2457,378,348,335,336,336,336,343,336,325,336,336,336,352,337,336,333,336,337,333,334,338,327,341,336,323,334,336,336,339,335,331,338,331,336,336,336,339,338,343,353,347,367,369,384,407,431,464,528,574,674,802,977,1215,1435,1586,1654,1555,1457,1371,1237,1175,1097,1012,926,901,894,883,910,930,976,1015,1095,1125,1200,1259,1366,1392,1456,1495,1578,1650,1699,1747,1806,1840,1897,1901,1933,1927,1934,1910,1904,1949,1961,2011,2037,2085,2067,2119,2148,2160,2161,2215,2238,2252,2311,2346,2379,2430,2433,2442,2455,2429,2457,2441,2451,2435,2438,2427,2411,2367,2359,2290,2254,2195,2118,2077,1989,1938,1875,1820,1767,1699,1632,1579,1514,1451,1409,1360,1301,1261,1195,1152,1104,1042,1023,958,930,912,863,832,811,784,758,741,718,710,687,663,646,623,622,597,579,570,544,532,528,497,494,485,464,470,450,460,435,430,431,419,406,415,400,391,385,384,384,384,384,420,368,368,368,364,380,367,354,365,350,352,348,352,354,343,349,354,342,346,358,336,342,345,336,339,331,337,338,337,342,328,336,348,335,338,338,333,353,335,338,340,327,338,343,333,340,336,343,350,349,341,341,336,338,339,346,351,346,344,351,339,353,345,369,354,345,346,351,351,347,351,350,346,345,356,365,341,351,345,355,344,336,343,338,335,341,338,336,338,339,336,338,335,336,340,332,347,338,343,339
"2026-09-23 09:58:58.864",99939,ON,"Turmeric",2497,377,338,337,336,337,331,345,338,331,343,333,338,353,336,337,338,320,336,336,338,336,331,341,336,330,336,334,331,336,334,336,339,332,336,337,336,337,335,346,353,343,369,374,383,417,435,469,528,587,688,816,996,1249,1461,1621,1677,1600,1482,1392,1269,1202,1115,1031,958,912,893,903,923,947,976,1031,1119,1148,1223,1277,1382,1407,1474,1519,1603,1680,1712,1769,1824,1887,1922,1939,1970,1957,1951,1938,1939,1984,1997,2032,2093,2102,2150,2139,2179,2202,2211,2236,2282,2288,2362,2391,2430,2479,2480,2487,2491,2479,2497,2468,2487,2464,2477,2457,2436,2437,2394,2323,2312,2232,2160,2111,2043,1973,1922,1856,1794,1728,1661,1617,1557,1486,1439,1388,1323,1243,1214,1173,1135,1066,1041,983,951,912,862,848,821,778,777,750,720,717,703,669,650,624,624,607,582,579,554,535,529,507,501,489,474,471,449,450,442,432,436,399,407,410,399,395,391,384,387,384,382,380,372,368,366,357,366,368,367,353,357,358,347,347,352,336,345,353,346,347,346,337,343,349,337,336,335,338,339,345,341,334,334,336,335,343,336,328,352,333,336,338,336,338,340,336,339,336,338,339,345,342,341,336,343,351,336,341,342,345,342,339,350,343,349,359,343,351,350,348,359,352,338,341,346,353,353,349,353,342,342,348,341,352,342,336,347,350,333,346,343,339,342,332,336,342,335,347,337,344,342
"2026-09-23 09:59:28.922",99939,ON,"Turmeric",2491,378,344,339,338,341,338,342,338,334,342,331,339,350,341,338,376,330,338,336,335,337,337,341,336,335,336,331,334,339,336,334,337,334,339,336,339,346,336,343,352,349,368,368,387,409,435,471,525,586,678,816,991,1246,1454,1590,1651,1600,1475,1370,1275,1187,1111,1033,939,919,913,889,915,944,978,1023,1103,1142,1205,1263,1370,1409,1456,1517,1584,1667,1712,1749,1808,1859,1915,1933,1936,1952,1950,1933,1919,1959,1983,2038,2070,2097,2126,2131,2159,2187,2195,2224,2263,2278,2345,2369,2417,2448,2465,2491,2475,2448,2490,2465,2473,2465,2451,2437,2432,2406,2364,2304,2262,2218,2133,2093,2007,1971,1906,1840,1775,1718,1639,1597,1535,1478,1425,1349,1316,1277,1200,1159,1114,1058,1035,967,930,901,878,834,806,783,765,736,717,707,686,671,656,624,617,599,613,575,511,531,523,499,497,490,477,471,455,454,439,430,432,422,406,406,399,397,388,387,382,386,389,379,375,368,367,361,362,370,361,361,352,355,353,347,354,347,346,352,339,352,345,336,342,342,336,339,331,337,339,340,336,336,336,345,332,337,336,332,350,333,342,339,335,336,346,335,342,338,357,343,350,340,342,335,342,341,325,347,336,342,351,340,352,336,350,358,343,347,355,349,355,354,352,348,343,349,364,342,353,346,351,347,342,351,346,320,343,336,337,343,341,338,341,336,333,344,341,346,339,341,345
"2026-09-23 09:59:58.975",99939,ON,"Turmeric",2496,371,336,338,336,336,323,347,335,335,341,336,336,345,336,336,331,325,336,328,337,336,336,338,336,325,336,331,333,338,332,328,342,336,335,337,337,339,337,341,351,349,368,374,383,404,432,466,530,588,675,821,997,1245,1479,1615,1680,1617,1483,1373,1277,1207,1122,1040,967,910,914,912,929,944,991,1031,1109,1136,1221,1288,1377,1410,1478,1529,1602,1664,1712,1775,1822,1863,1920,1938,1951,1968,1950,1936,1936,1965,1997,2043,2085,2110,2138,2130,2160,2202,2203,2225,2254,2286,2355,2423,2406,2453,2485,2480,2496,2469,2483,2470,2478,2480,2475,2449,2432,2405,2395,2320,2285,2223,2164,2078,2037,1968,1909,1837,1781,1725,1649,1597,1535,1473,1440,1381,1306,1280,1216,1162,1105,1075,1037,963,939,906,869,848,819,781,759,746,713,711,695,667,654,627,614,601,585,577,558,538,528,510,501,487,465,475,449,455,445,432,435,419,405,403,400,397,388,386,387,383,383,375,371,369,363,356,367,366,358,358,356,355,349,348,341,346,347,353,342,349,342,336,347,347,336,338,327,335,350,334,340,331,333,341,326,342,331,326,352,335,336,339,330,339,342,330,361,336,341,347,347,343,341,331,341,336,339,342,342,347,346,336,352,343,341,357,345,349,347,347,354,353,345,345,340,347,355,342,349,342,347,342,338,349,343,336,338,341,368,342,336,336,342,303,336,345,338,346,336,339,339
"2026-09-23 10:00:29.030",99939,ON,"Turmeric",2501,377,342,337,339,338,336,343,338,334,344,336,336,353,333,335,337,329,335,336,334,336,335,345,336,328,336,330,334,338,326,335,338,325,336,326,336,337,336,342,355,351,368,374,387,410,432,467,529,589,688,825,1006,1256,1483,1615,1706,1614,1490,1387,1275,1211,1118,1042,974,892,911,901,921,947,976,1039,1121,1146,1228,1279,1375,1400,1466,1523,1611,1681,1712,1771,1829,1861,1936,1946,1961,1951,1953,1932,1936,1972,1993,2027,2067,2101,2131,2149,2179,2189,2216,2240,2273,2292,2368,2394,2410,2451,2481,2491,2501,2465,2501,2477,2493,2463,2464,2448,2445,2418,2384,2319,2291,2224,2151,2091,2021,1978,1904,1854,1779,1719,1648,1597,1535,1485,1424,1378,1317,1277,1200,1168,1119,1055,1036,979,939,902,867,835,815,781,765,737,721,719,699,676,651,631,618,599,583,577,551,540,534,510,510,479,476,475,454,457,439,437,434,427,406,416,401,411,395,382,390,379,384,383,368,371,368,363,363,369,381,355,353,356,352,350,354,345,342,353,341,349,341,337,350,346,339,343,333,336,337,338,341,336,334,341,336,338,354,336,353,335,340,336,336,336,346,334,337,338,345,350,347,341,343,331,347,346,343,343,342,349,350,336,348,352,348,361,343,350,352,348,357,354,349,352,344,352,365,349,351,346,349,347,338,348,345,336,341,338,335,344,338,337,340,333,336,339,342,346,336,336,342
"2026-09-23 10:00:59.085",99939,ON,"Turmeric",2475,377,346,336,341,342,329,342,337,330,339,340,336,348,339,335,337,323,336,336,331,336,332,340,336,330,336,331,335,340,337,335,339,333,337,335,332,347,340,340,356,347,370,372,379,416,433,467,533,592,675,817,993,1243,1479,1599,1661,1588,1465,1358,1262,1200,1109,1019,965,910,897,899,918,931,977,1015,1105,1136,1202,1269,1360,1394,1461,1519,1569,1678,1699,1744,1809,1861,1915,1925,1957,1959,1923,1913,1913,1947,1968,2011,2064,2081,2114,2132,2160,2165,2193,2225,2252,2261,2315,2375,2400,2429,2450,2466,2475,2429,2458,2443,2462,2451,2449,2435,2429,2386,2364,2304,2257,2211,2124,2070,2014,1961,1904,1838,1767,1725,1635,1590,1531,1463,1413,1363,1314,1271,1203,1163,1123,1056,1038,964,935,899,876,838,810,782,759,742,715,711,701,667,656,628,611,608,586,571,554,538,527,509,499,489,474,474,453,457,443,431,471,419,410,414,401,390,387,381,386,383,385,381,373,369,368,359,366,371,362,366,355,353,353,347,357,345,348,356,346,353,346,346,349,342,336,340,333,335,339,337,333,336,335,347,329,341,336,336,341,334,336,340,334,337,349,335,339,336,342,347,354,345,349,336,347,339,351,347,343,343,353,339,349,341,353,362,348,346,353,348,359,355,348,357,347,351,368,343,351,341,346,343,336,347,343,336,339,339,336,347,339,336,340,322,328,342,336,342,338,343,339
"2026-09-23 10:01:29.140",99939,ON,"Turmeric",2480,375,342,336,336,341,333,348,339,336,341,336,337,350,339,333,336,330,336,338,341,340,335,340,336,333,338,332,336,342,332,336,339,334,338,336,339,345,336,340,353,340,368,374,384,406,424,464,523,587,683,806,1002,1248,1478,1622,1675,1598,1485,1402,1277,1197,1127,1043,961,918,912,911,926,959,976,1034,1115,1145,1231,1270,1387,1407,1470,1521,1595,1680,1712,1761,1819,1875,1931,1935,1958,1942,1947,1920,1913,1965,1978,2025,2085,2103,2129,2131,2172,2191,2186,2249,2274,2257,2355,2366,2410,2430,2463,2480,2478,2445,2479,2453,2467,2480,2463,2439,2411,2410,2384,2322,2257,2222,2129,2085,2010,1947,1931,1842,1776,1715,1661,1604,1534,1469,1412,1370,1306,1269,1213,1159,1109,1061,1033,964,944,910,869,840,815,782,762,749,714,714,689,667,651,624,611,595,591,575,549,537,531,505,505,485,482,472,452,451,439,433,432,419,406,410,398,395,390,384,385,374,379,377,371,368,368,366,365,368,360,348,355,355,358,349,349,342,348,352,339,351,343,339,346,346,336,358,336,338,341,335,345,334,336,340,332,337,336,334,352,333,336,341,335,338,341,333,338,336,342,354,350,341,343,336,337,345,343,343,304,343,349,337,354,340,349,357,347,349,346,350,353,350,353,348,342,346,362,347,352,346,349,351,340,353,347,338,345,340,337,340,339,336,339,335,336,350,341,367,340,341,343
"2026-09-23 10:01:59.194",99939,ON,"Turmeric",2477,377,336,339,335,341,330,342,338,331,337,329,342,345,335,335,375,327,339,332,336,339,336,338,337,339,338,303,327,337,332,331,336,332,324,336,336,345,336,344,352,346,368,366,386,407,437,464,529,576,676,813,990,1232,1455,1603,1664,1619,1472,1358,1255,1188,1106,1023,945,901,896,891,917,938,979,1040,1094,1140,1216,1267,1360,1372,1462,1507,1593,1654,1686,1765,1798,1840,1904,1924,1936,1924,1926,1904,1911,1938,1973,2011,2057,2078,2129,2130,2144,2165,2192,2224,2246,2270,2327,2352,2404,2446,2448,2477,2475,2453,2475,2459,2452,2451,2444,2427,2420,2395,2368,2295,2260,2207,2146,2083,1999,1955,1897,1856,1774,1712,1636,1594,1521,1471,1421,1380,1312,1291,1200,1165,1109,1057,1035,966,931,901,874,839,816,767,755,752,717,711,688,667,649,624,615,606,586,574,549,539,526,511,502,484,477,480,454,455,433,432,432,421,411,404,400,406,392,381,385,379,384,373,369,368,363,362,362,368,359,358,357,352,349,351,351,343,355,356,341,346,338,336,344,347,336,336,336,333,336,335,342,334,330,346,331,336,338,334,353,333,338,341,334,338,343,332,337,336,338,345,350,336,342,336,345,337,342,343,340,345,346,336,350,336,350,357,345,350,353,343,353,346,347,346,341,387,361,349,349,343,345,347,382,353,349,336,346,330,336,343,337,340,343,334,331,342,345,347,336,342,340
"2026-09-23 10:02:29.249",99939,ON,"Turmeric",2495,374,342,336,336,343,336,343,337,334,336,336,340,354,336,336,313,323,337,336,333,336,330,343,336,334,341,331,334,337,336,331,339,333,337,337,354,341,336,343,357,348,368,374,383,400,443,466,528,582,688,817,995,1245,1467,1613,1664,1589,1475,1374,1273,1207,1123,1035,956,917,912,896,913,912,981,1040,1122,1141,1216,1265,1371,1410,1459,1531,1594,1675,1712,1757,1827,1869,1922,1935,1968,1957,1942,1919,1937,1965,1993,2033,2058,2106,2155,2143,2176,2188,2205,2237,2274,2283,2359,2398,2431,2465,2465,2489,2495,2471,2493,2466,2480,2480,2466,2451,2457,2416,2409,2314,2285,2224,2172,2117,2005,1957,1919,1851,1788,1729,1657,1611,1557,1485,1429,1392,1328,1293,1214,1171,1134,1072,1040,986,954,914,885,848,818,790,755,739,714,713,699,677,649,624,617,601,580,605,555,539,528,528,505,483,471,471,451,453,439,431,432,422,379,407,401,390,390,384,384,375,386,381,370,368,367,365,364,368,359,363,358,350,354,345,357,320,344,358,344,350,343,337,341,343,340,338,334,336,335,339,336,331,322,342,331,336,336,333,355,331,336,339,334,336,342,335,339,338,341,342,351,342,341,336,341,343,343,341,342,343,352,337,351,347,349,355,347,347,346,342,354,354,346,363,347,350,368,343,353,352,346,349,340,363,345,336,340,341,336,342,342,333,343,335,336,340,339,349,336,342,346
"2026-09-23 10:02:59.310",99939,ON,"Turmeric",2494,371,322,336,336,338,334,346,335,336,341,336,336,354,337,336,336,327,334,336,329,339,336,341,336,336,336,332,334,338,334,331,343,330,336,336,336,346,336,339,351,349,371,373,384,409,439,464,511,617,684,793,1008,1245,1471,1602,1673,1598,1488,1401,1270,1200,1111,1040,957,912,915,906,928,952,971,1023,1105,1139,1216,1278,1375,1406,1472,1523,1602,1670,1680,1767,1814,1872,1920,1946,1937,1936,1965,1930,1933,1959,1988,2032,2070,2112,2128,2155,2165,2187,2207,2240,2258,2287,2347,2373,2417,2453,2464,2474,2494,2453,2490,2474,2473,2465,2482,2450,2448,2413,2395,2323,2287,2221,2161,2108,2034,1975,1904,1847,1758,1726,1655,1607,1535,1486,1437,1386,1326,1296,1222,1167,1117,1051,1038,977,934,911,880,846,853,778,768,742,720,715,691,667,650,624,608,606,592,567,556,557,538,511,510,487,470,469,449,464,442,432,429,421,410,409,401,394,409,383,383,381,384,379,364,323,368,360,359,367,362,363,361,351,352,352,348,343,349,358,347,347,341,339,343,343,337,346,325,336,335,336,311,331,333,341,334,336,337,333,354,336,342,343,331,338,343,329,338,336,343,354,343,341,343,336,337,337,342,343,342,341,343,339,353,341,347,356,346,349,351,351,355,355,348,350,367,343,367,346,352,337,349,345,340,350,345,341,339,368,336,347,341,337,345,335,336,341,317,347,336,343,345
"2026-09-23 10:03:29.366",99939,ON,"Turmeric",2539,378,337,350,333,343,333,345,336,329,341,330,338,349,336,336,335,327,336,336,336,337,336,338,339,332,338,332,335,336,335,343,336,332,336,334,335,339,336,347,352,352,366,374,385,415,439,475,539,607,689,819,1008,1275,1495,1649,1707,1635,1516,1434,1296,1232,1135,1053,983,927,921,923,933,967,1008,1042,1134,1162,1214,1340,1395,1424,1499,1535,1619,1691,1743,1807,1840,1899,1964,1968,1986,1977,1977,1944,1968,1981,2015,2071,2118,2151,2155,2171,2202,2224,2255,2273,2304,2361,2411,2416,2457,2499,2512,2539,2522,2510,2528,2511,2515,2506,2512,2493,2481,2463,2445,2368,2320,2266,2223,2125,2045,2006,1936,1859,1805,1753,1671,1637,1555,1507,1455,1392,1321,1305,1228,1191,1135,1070,1057,990,955,912,883,851,828,786,779,752,727,722,695,685,656,639,618,618,581,576,554,542,535,505,509,496,471,477,447,461,442,432,432,426,413,405,422,391,393,383,391,381,385,374,368,370,368,361,365,368,359,359,353,353,353,348,350,340,348,351,343,347,345,336,338,342,336,336,334,336,338,337,336,331,333,342,329,336,336,333,350,333,336,338,326,342,348,334,336,336,344,344,343,341,341,335,346,339,337,343,343,342,350,339,349,342,352,355,341,347,349,346,353,354,347,346,342,352,365,350,347,349,348,343,342,391,345,346,349,336,354,347,336,336,337,329,336,338,343,341,337,341,347
"2026-09-23 10:03:59.420",99939,ON,"Turmeric",2511,375,341,336,338,336,336,343,339,331,339,334,336,352,345,336,336,322,337,336,336,337,334,346,336,336,338,331,336,339,337,334,338,322,338,334,338,342,339,342,350,351,369,374,388,416,446,466,528,592,690,820,1008,1262,1487,1618,1680,1610,1495,1413,1285,1222,1131,1039,971,918,919,917,923,951,991,1044,1123,1159,1223,1285,1379,1435,1482,1535,1618,1671,1727,1809,1830,1894,1954,1967,1971,1986,1962,1951,1945,1984,2019,2064,2093,2123,2151,2161,2187,2245,2242,2274,2288,2311,2378,2401,2434,2478,2471,2497,2511,2487,2509,2508,2483,2487,2484,2469,2448,2426,2412,2352,2310,2243,2159,2126,2041,1984,1934,1859,1795,1746,1655,1617,1559,1488,1443,1392,1331,1277,1216,1184,1129,1072,1040,982,948,914,881,858,822,778,767,752,720,709,701,683,660,626,614,608,590,549,559,531,539,509,506,493,470,480,450,457,441,431,439,416,416,417,402,399,385,385,386,404,384,384,368,368,365,355,364,362,360,360,354,351,348,353,354,341,351,355,336,347,347,336,351,341,336,341,336,336,336,337,339,336,333,338,329,335,336,330,354,332,336,336,331,342,342,336,336,336,357,349,352,368,345,335,340,342,336,347,338,342,356,337,354,337,349,349,346,347,353,345,352,351,346,351,342,345,367,343,354,340,347,342,344,353,343,336,344,346,331,300,342,341,343,331,338,346,337,346,347,338,343
"2026-09-23 10:04:29.475",99939,ON,"Turmeric",2534,374,341,334,330,337,333,341,339,333,342,331,337,351,338,336,333,335,339,338,333,336,336,346,336,330,336,336,335,337,349,327,349,331,336,335,336,343,341,342,354,341,366,381,385,412,443,470,533,572,698,823,1010,1268,1494,1644,1709,1629,1522,1405,1296,1224,1143,1056,989,927,926,925,934,950,995,1036,1126,1170,1247,1290,1398,1440,1493,1567,1626,1706,1745,1803,1865,1904,1961,1977,1998,1994,1983,1955,1970,1994,2034,2054,2102,2146,2177,2186,2205,2227,2252,2269,2310,2339,2389,2426,2468,2509,2509,2528,2534,2515,2525,2511,2517,2495,2513,2495,2477,2446,2431,2349,2304,2258,2199,2151,2061,2005,1996,1881,1811,1755,1681,1625,1568,1503,1450,1408,1332,1306,1230,1184,1131,1076,1050,993,951,929,881,848,820,785,771,752,722,723,705,683,656,628,624,608,591,574,555,545,539,549,503,494,479,477,453,461,445,439,433,423,384,417,400,400,391,401,385,379,391,383,371,371,368,367,366,371,366,362,355,349,357,338,351,347,349,355,339,349,340,336,342,348,339,340,336,336,337,336,340,330,331,345,335,340,299,333,355,335,336,343,336,341,342,333,343,335,339,351,343,341,345,336,342,346,341,347,338,342,354,339,343,340,336,353,348,356,335,348,358,349,353,354,345,347,361,349,351,349,343,352,347,350,347,337,345,336,333,349,352,338,335,335,336,340,338,347,343,339,347
"2026-09-23 10:04:59.529",99939,ON,"Turmeric",2499,378,341,337,335,338,331,344,342,334,340,333,340,351,336,336,336,325,336,337,333,337,336,339,330,329,338,334,336,340,335,336,336,335,338,336,336,341,349,347,355,354,370,377,385,411,437,475,533,589,691,820,1002,1255,1488,1604,1686,1615,1498,1427,1275,1204,1132,1048,969,925,912,894,930,946,983,1055,1122,1147,1226,1294,1380,1424,1468,1523,1615,1680,1727,1779,1825,1874,1943,1949,1975,1966,1957,1936,1950,1962,1993,2034,2096,2126,2135,2151,2167,2192,2206,2253,2274,2287,2353,2384,2425,2459,2464,2496,2499,2476,2481,2447,2486,2463,2493,2447,2447,2415,2387,2311,2275,2231,2155,2100,2034,1955,1933,1849,1782,1727,1664,1603,1535,1478,1415,1377,1323,1274,1200,1173,1111,1051,1045,973,947,898,881,843,805,782,765,747,720,722,694,677,656,615,623,595,590,576,549,539,529,511,502,493,481,481,450,458,439,435,434,429,415,417,400,387,386,379,389,380,382,379,368,368,369,361,368,365,359,363,356,363,362,350,355,341,349,352,343,353,348,333,350,345,338,338,334,336,343,336,349,335,335,346,334,339,336,335,350,333,338,341,331,339,349,334,341,336,349,352,348,343,340,329,338,342,343,341,346,342,350,339,351,349,346,356,345,351,351,346,359,352,347,352,345,350,363,350,346,348,351,349,343,351,346,336,343,342,339,343,341,336,340,336,337,342,338,347,341,338,340
"2026-09-23 10:05:29.584",99939,ON,"Turmeric",2469,373,336,341,336,339,336,351,337,331,338,336,339,346,336,338,337,324,340,336,336,336,336,341,340,333,337,331,336,341,336,336,339,334,334,339,343,350,336,346,354,344,373,373,386,417,434,468,511,583,677,817,997,1228,1428,1599,1661,1583,1472,1360,1251,1185,1104,1021,958,900,897,899,906,934,973,1031,1105,1129,1200,1264,1357,1389,1453,1507,1571,1651,1695,1751,1796,1857,1904,1904,1923,1929,1914,1902,1907,1937,1954,2007,2042,2085,2129,2121,2139,2151,2170,2215,2240,2257,2326,2335,2386,2427,2443,2446,2454,2437,2464,2436,2435,2437,2469,2398,2403,2373,2354,2297,2256,2195,2133,2065,2001,1943,1894,1819,1750,1698,1626,1596,1529,1463,1411,1354,1302,1269,1198,1154,1120,1066,1023,960,923,907,869,837,814,778,768,736,718,704,692,666,656,618,623,603,587,569,552,534,528,503,509,490,489,472,458,458,443,438,436,429,411,414,400,389,394,394,394,379,384,409,373,371,365,368,367,366,365,364,359,349,352,345,356,345,341,355,345,350,346,342,342,346,339,337,333,337,341,337,347,336,332,350,336,337,336,336,358,336,336,341,335,346,381,336,340,336,346,311,350,347,349,336,348,346,342,346,347,342,351,343,354,343,351,357,348,352,353,343,354,359,348,352,345,350,368,346,353,347,352,351,340,351,343,337,343,343,334,346,340,337,347,331,333,342,337,344,342,341,339
"2026-09-23 10:05:59.638",99939,ON,"Turmeric",2463,375,347,337,337,337,337,345,337,334,342,334,337,347,336,335,336,330,329,337,333,336,331,347,339,335,336,335,335,336,335,323,336,326,336,337,337,347,339,345,355,349,369,371,382,411,431,471,531,576,677,815,988,1232,1453,1606,1665,1593,1466,1385,1259,1185,1113,1036,949,896,898,897,919,935,976,1035,1107,1126,1200,1267,1361,1403,1453,1507,1594,1654,1695,1765,1801,1846,1915,1912,1936,1933,1908,1902,1918,1950,1963,2013,2064,2080,2102,2121,2146,2161,2173,2201,2236,2249,2320,2354,2386,2419,2463,2451,2454,2441,2455,2445,2448,2434,2437,2410,2397,2369,2368,2303,2256,2198,2132,2074,2009,1941,1902,1822,1763,1689,1629,1567,1527,1456,1418,1364,1299,1269,1195,1155,1099,1045,1023,963,928,905,869,833,787,775,761,746,713,700,676,658,646,624,617,598,581,574,555,534,528,499,506,484,465,477,456,460,442,431,434,421,411,413,402,395,393,383,385,382,420,384,370,368,367,368,368,367,360,366,359,360,352,354,352,347,347,356,344,354,347,331,350,345,340,342,336,336,338,341,342,333,337,345,336,336,339,334,350,336,339,346,331,341,342,336,342,337,346,352,354,346,341,336,343,342,336,348,349,342,350,344,350,343,336,359,349,351,345,349,361,355,346,351,342,347,367,351,353,350,346,353,338,351,348,336,342,336,336,340,341,337,347,335,355,342,347,349,339,344,337
"2026-09-23 10:06:29.693",99939,ON,"Turmeric",2559,378,342,342,336,338,304,341,341,331,342,336,341,352,340,337,336,326,336,332,335,341,337,348,344,336,337,333,377,340,334,336,343,334,338,336,299,333,335,348,362,354,375,374,388,419,438,478,542,603,697,839,1022,1282,1520,1667,1731,1641,1530,1414,1296,1245,1142,1056,982,937,927,923,951,961,1015,1065,1142,1178,1237,1311,1402,1453,1520,1570,1631,1726,1755,1826,1857,1923,1979,1979,2014,2022,1999,1991,1984,2015,2025,2103,2140,2156,2205,2194,2230,2256,2267,2295,2325,2346,2421,2432,2481,2508,2549,2547,2544,2540,2559,2538,2527,2519,2544,2513,2499,2466,2449,2389,2336,2271,2212,2142,2082,2011,1952,1902,1827,1772,1690,1655,1584,1520,1462,1406,1340,1303,1241,1195,1142,1079,1067,988,960,916,901,870,833,793,775,759,729,720,709,685,656,640,627,614,592,583,558,540,563,523,508,501,489,477,458,464,446,432,441,429,415,415,400,400,380,389,388,385,389,384,370,368,371,365,359,370,367,368,358,363,358,351,358,346,355,342,341,349,349,345,349,346,338,338,336,340,337,339,338,332,333,346,331,337,336,336,352,336,338,331,334,341,347,332,337,343,346,347,350,343,347,335,336,343,345,347,343,350,357,338,355,343,353,360,350,351,355,346,351,354,349,350,347,353,365,351,352,343,350,351,342,351,350,337,361,342,336,351,343,340,347,336,336,342,341,350,340,352,349
"2026-09-23 10:06:59.747",99939,ON,"Turmeric",2580,381,340,336,336,336,333,341,347,329,345,333,338,351,336,337,337,330,339,334,336,337,335,346,339,330,337,334,336,337,336,331,341,336,340,337,337,345,339,342,355,352,370,375,386,416,445,475,545,597,708,839,1040,1284,1515,1680,1741,1678,1535,1449,1306,1247,1153,1069,988,941,944,928,958,976,1023,1072,1149,1178,1264,1327,1414,1473,1515,1590,1648,1728,1783,1823,1896,1921,1989,1998,2021,2027,2011,1985,1983,2032,2057,2102,2137,2186,2196,2197,2234,2249,2262,2304,2327,2336,2429,2454,2489,2522,2533,2547,2580,2529,2559,2537,2544,2535,2542,2506,2512,2496,2450,2394,2344,2289,2217,2158,2082,2013,1955,1887,1828,1776,1699,1642,1591,1507,1470,1413,1346,1306,1247,1196,1189,1089,1062,996,960,940,901,869,827,799,780,768,735,718,703,690,660,640,627,615,593,583,560,554,539,524,511,496,482,477,461,466,445,436,446,429,420,416,403,400,393,398,396,384,384,385,374,369,368,363,366,371,361,363,355,361,359,352,361,347,349,380,343,352,352,336,337,344,336,339,336,339,341,346,341,332,334,342,334,336,340,333,352,336,340,343,292,337,345,335,337,336,348,352,346,336,344,325,341,339,343,338,345,347,354,338,350,349,348,359,345,355,355,351,358,355,352,353,344,359,367,349,352,318,350,346,344,346,349,336,331,341,342,367,341,338,340,334,332,339,337,347,340,339,343
"2026-09-23 10:07:29.802",99939,ON,"Turmeric",2526,377,347,337,336,346,361,345,341,335,344,331,339,355,337,334,336,326,336,333,336,342,335,341,344,336,349,335,336,336,336,338,338,336,336,336,337,344,304,324,354,350,375,375,386,417,438,471,538,592,688,825,1008,1263,1493,1637,1707,1606,1511,1389,1286,1216,1136,1056,971,918,925,913,937,963,1001,1051,1129,1161,1247,1296,1392,1427,1491,1553,1607,1679,1717,1791,1831,1888,1954,1967,1968,1973,1968,1918,1936,1973,2018,2046,2081,2128,2156,2133,2186,2225,2221,2256,2272,2299,2366,2400,2435,2468,2492,2507,2526,2480,2505,2487,2507,2495,2496,2474,2462,2426,2399,2345,2288,2242,2161,2112,2043,1984,1925,1863,1777,1739,1686,1611,1569,1494,1453,1397,1327,1296,1227,1194,1127,1072,1050,986,934,916,883,848,820,773,775,743,720,714,704,675,654,625,622,606,591,576,559,539,530,511,509,494,475,477,461,462,441,433,434,432,414,413,404,397,399,408,395,386,385,380,375,374,368,365,371,368,368,364,362,356,355,350,353,350,348,359,343,354,353,336,350,343,344,365,338,338,344,339,340,336,336,343,333,338,349,330,353,336,345,341,336,338,345,336,336,334,349,349,346,344,340,336,321,346,343,348,346,346,357,339,350,345,353,354,347,349,358,350,357,355,347,352,347,353,365,348,351,343,351,347,341,353,348,337,349,342,335,346,347,338,343,336,337,350,338,325,338,346,339
"2026-09-23 10:07:59.859",99939,ON,"Turmeric",2544,377,341,334,337,336,335,347,340,335,337,336,338,353,338,336,337,327,336,336,336,337,336,347,342,332,341,335,336,342,336,335,339,334,337,336,342,346,336,344,353,350,368,377,391,417,441,470,542,593,699,846,1040,1291,1515,1662,1747,1675,1535,1447,1314,1238,1158,1065,996,943,938,930,959,981,1006,1067,1150,1183,1264,1323,1421,1441,1507,1577,1648,1733,1759,1826,1871,1925,1963,1984,2001,2007,2006,1968,1979,1984,2041,2093,2124,2153,2197,2179,2215,2226,2249,2288,2341,2320,2402,2432,2467,2519,2530,2544,2541,2517,2541,2529,2538,2522,2516,2483,2482,2451,2445,2373,2315,2271,2208,2131,2062,2007,1955,1887,1803,1763,1680,1637,1580,1502,1459,1408,1334,1310,1216,1194,1136,1074,1050,987,956,912,896,861,837,796,781,752,723,722,699,674,654,636,625,611,592,583,560,539,550,511,500,496,477,471,455,462,448,432,436,422,417,414,403,399,393,398,386,384,387,384,370,372,367,378,368,371,362,359,361,359,349,350,354,349,345,359,342,351,343,338,352,340,342,337,331,340,338,337,348,334,336,345,330,337,336,336,356,336,346,338,336,337,306,334,348,336,347,349,354,343,345,336,344,347,345,345,343,349,347,339,353,343,348,355,347,349,349,348,356,358,352,351,346,355,368,349,349,347,349,345,341,355,349,336,341,344,336,347,337,341,349,336,337,352,341,353,334,342,347
"2026-09-23 10:08:29.914",99939,ON,"Turmeric",2544,379,340,337,337,338,325,349,340,327,343,336,340,352,336,339,336,330,338,336,339,342,336,346,341,332,339,339,335,338,336,329,342,334,337,336,340,346,337,347,356,349,368,381,385,415,445,475,537,597,700,842,1023,1274,1510,1664,1731,1650,1531,1450,1303,1235,1141,1062,991,942,930,921,944,959,1011,1071,1142,1177,1242,1308,1415,1456,1502,1574,1641,1709,1746,1818,1871,1934,1987,1988,2000,2000,1998,1968,1973,2006,2045,2068,2125,2160,2185,2189,2224,2229,2241,2283,2304,2325,2397,2430,2466,2498,2523,2532,2534,2493,2544,2522,2518,2509,2510,2480,2459,2455,2432,2359,2315,2261,2208,2128,2075,1999,1946,1887,1802,1753,1680,1628,1583,1494,1456,1392,1340,1291,1234,1189,1141,1079,1053,1037,959,925,899,852,837,790,779,752,731,715,703,687,659,633,625,611,595,576,560,544,534,511,505,496,478,479,460,464,446,437,445,428,412,417,404,398,393,391,395,384,386,383,369,369,364,365,367,364,362,362,359,357,355,351,357,350,345,358,339,351,349,337,350,343,338,345,333,339,336,336,339,337,336,346,335,336,336,335,353,336,340,345,335,342,347,337,338,338,339,352,352,343,348,336,346,338,348,349,337,349,346,341,357,347,350,359,351,355,349,341,357,356,347,353,350,358,367,345,355,346,360,350,346,352,349,337,350,336,340,349,341,340,343,331,338,342,341,346,341,347,345
"2026-09-23 10:08:59.969",99939,ON,"Turmeric",2527,376,347,332,338,339,336,333,336,334,339,336,370,354,345,339,336,329,343,335,336,339,339,346,341,336,335,334,338,341,337,336,349,337,336,341,336,347,320,348,361,352,377,377,377,422,443,499,539,602,699,843,1023,1290,1512,1657,1726,1648,1529,1440,1307,1232,1153,1062,987,934,934,923,944,960,1008,1063,1137,1178,1259,1307,1403,1447,1535,1559,1632,1699,1744,1808,1863,1914,1957,1974,1993,1995,1984,1959,1963,2000,2023,2064,2105,2128,2160,2192,2209,2226,2224,2263,2288,2320,2384,2406,2448,2481,2511,2527,2516,2487,2518,2507,2496,2512,2497,2478,2458,2443,2407,2367,2283,2253,2175,2114,2055,1991,1929,1871,1802,1744,1682,1623,1563,1506,1443,1392,1342,1307,1235,1187,1145,1070,1054,975,947,922,893,857,832,795,771,747,725,719,697,683,652,633,625,614,592,573,554,538,528,511,507,495,479,475,453,455,446,449,434,429,416,418,403,397,393,381,391,384,387,385,368,371,373,364,365,368,363,362,357,355,354,354,354,350,349,358,345,348,352,324,353,350,336,343,336,338,341,339,347,336,336,349,337,340,335,337,359,340,345,339,336,340,346,338,339,343,353,343,348,347,344,336,350,349,343,345,347,351,353,347,353,338,352,355,353,349,354,350,357,356,348,353,352,350,368,349,359,349,348,350,347,354,349,341,346,345,340,348,345,336,348,336,337,347,340,353,343,342,347
